Tite,Price,ImageURL,Link,Release Date
Windows 10 Professional OEM PC CD Key,$8.99,https://www.hrkgame.com/media/games/.thumbnails/win10pro_cover_MEYUPT9.jpg/win10pro_cover_MEYUPT9-460x215.jpg,/games/product/windows-10-professional-oem-pc-cd-key/," March 23, 2017"
Minecraft Windows 10 Edition,$1.69,https://www.hrkgame.com/media/games/.thumbnails/minecraft_windows_10_steam_grid_icon_by_drjord-daxq99u.png/minecraft_windows_10_steam_grid_icon_by_drjord-daxq99u-460x215.png,/games/product/minecraft-windows-10-edition/," July 7, 2015"
Windows 10 Professional RETAIL PC CD Key,$15.99,https://www.hrkgame.com/media/games/.thumbnails/win10procd_cover.jpg/win10procd_cover-460x215.jpg,/games/product/windows-10-professional-retail-pc-cd-key/," Oct. 29, 2013"
PLAYERUNKNOWN'S BATTLEGROUNDS,$23.99,https://www.hrkgame.com/media/games/.thumbnails/header_nWUZQiu.jpg/header_nWUZQiu-460x215.jpg,/games/product/playerunknowns-battlegrounds/," May 13, 2016"
Windows 10 Home Edition OEM PC CD Key,$13.99,https://www.hrkgame.com/media/games/.thumbnails/win10home_cover_2Thje64.jpg/win10home_cover_2Thje64-460x215.jpg,/games/product/windows-10-home-edition-pc-cd-key/," Nov. 9, 2015"
Rocket League,$9.99,https://www.hrkgame.com/media/games/.thumbnails/header_alt_assets_5.jpg/header_alt_assets_5-460x215.jpg,/games/product/rocket-league/," April 13, 2015"
Battlefield 4,$8.99,https://www.hrkgame.com/media/games/.thumbnails/Battlefield_4.jpg/Battlefield_4-460x215.jpg,/games/product/battlefield-4/," Oct. 21, 2016"
Microsoft Office 2016 Professional Plus,$31.99,https://www.hrkgame.com/media/games/.thumbnails/Microsoft-office-professional-plus-2016_cover.jpg/Microsoft-office-professional-plus-2016_cover-460x215.jpg,/games/product/microsoft-office-2016-professional-plus/," Nov. 5, 2015"
DOOM,$8.5,https://www.hrkgame.com/media/games/.thumbnails/header_65EYjQz.jpg/header_65EYjQz-460x215.jpg,/games/product/doom/," Dec. 1, 2015"
Fallout 4,$8.49,https://www.hrkgame.com/media/games/.thumbnails/header_zVYqfyP.jpg/header_zVYqfyP-460x215.jpg,/games/product/fallout-4/," Nov. 12, 2012"
Grand Theft Auto V RockStar Edition,$17.99,https://www.hrkgame.com/media/games/.thumbnails/header_hvPFKvn.jpg/header_hvPFKvn-460x215.jpg,/games/product/grand-theft-auto-v-rockstar-edition/," May 24, 2016"
BATTLEFIELD™ 1 STANDARD EDITION,$11.99,https://www.hrkgame.com/media/games/.thumbnails/Battlefield1List.jpg/Battlefield1List-460x215.jpg,/games/product/battlefield-1-standard-edition/," Feb. 17, 2016"
Call of Duty®: Black Ops III,$9.99,https://www.hrkgame.com/media/games/.thumbnails/header_GWkRJOp.jpg/header_GWkRJOp-460x215.jpg,/games/product/call-of-duty-black-ops-iii/," Aug. 12, 2016"
Tom Clancy's Rainbow Six® Siege,$17.99,https://www.hrkgame.com/media/games/.thumbnails/header_Aenkido.jpg/header_Aenkido-460x215.jpg,/games/product/tom-clancys-rainbow-six-siege/,(No string found)
Call of Duty®: Black Ops II,$8.99,https://www.hrkgame.com/media/games/.thumbnails/header_Cg6dG6Y.jpg/header_Cg6dG6Y-460x215.jpg,/games/product/call-of-duty-black-ops-ii/,(No string found)
The Elder Scrolls V: Skyrim - Legendary Edition,$9.99,https://www.hrkgame.com/media/uploads/games/.thumbnails/sadcasdqwdasdadwdd.jpg/sadcasdqwdasdadwdd-460x215.jpg,/games/product/the-elder-scrolls-v-skyrim-legendary-edition/,(No string found)
Middle-earth Shadow of Mordor Game of the Year Edition,$4.79,https://www.hrkgame.com/media/uploads/games/som/.thumbnails/header.jpg/header-460x215.jpg,/games/product/middle-earth-shadow-of-mordor-game-of-the-year-edition/,(No string found)
Overwatch Standard Edition,$26.99,https://www.hrkgame.com/media/games/.thumbnails/overwatchstd_cover.jpg/overwatchstd_cover-460x215.jpg,/games/product/overwatch-standard-edition/,(No string found)
H1Z1,$3.99,https://www.hrkgame.com/media/games/.thumbnails/header_mjTd8Zq.jpg/header_mjTd8Zq-460x215.jpg,/games/product/h1z1-king-of-the-kill/,(No string found)
No Man's Sky,$28.99,https://www.hrkgame.com/media/games/.thumbnails/header_WryzZSr.jpg/header_WryzZSr-460x215.jpg,/games/product/no-mans-sky/,(No string found)
ARK: Survival Evolved,$18.99,https://www.hrkgame.com/media/games/.thumbnails/header_Cd3f5cb.jpg/header_Cd3f5cb-460x215.jpg,/games/product/ark-survival-evolved/," June 2, 2015"
World of Warcraft: Battle for Azeroth,$32.99,https://www.hrkgame.com/media/games/.thumbnails/wwcaze_cover.jpg/wwcaze_cover-460x215.jpg,/games/product/world-of-warcraft-battle-for-azeroth/," Aug. 14, 2018"
Euro Truck Simulator 2,$5.99,https://www.hrkgame.com/media/games/.thumbnails/header_AWwTQ9u.jpg/header_AWwTQ9u-460x215.jpg,/games/product/euro-truck-simulator-2/," Jan. 16, 2013"
CS:GO Prime Status Upgrade Global Full Game,$13.49,https://www.hrkgame.com/media/games/.thumbnails/countergogl_cover.jpg/countergogl_cover-460x215.jpg,/games/product/counter-strike-global-offensive-global-cdkey/," Aug. 21, 2012"
Far Cry 4,$10.99,https://www.hrkgame.com/media/games/.thumbnails/header_7H0ywNR.jpg/header_7H0ywNR-460x215.jpg,/games/product/far-cry-4/, +1 Free Game(s)
Call of Duty: Black Ops 4,$32.99,https://www.hrkgame.com/media/games/.thumbnails/codbo4_cover_SquUcnG.jpg/codbo4_cover_SquUcnG-460x215.jpg,/games/product/call-of-duty-black-ops-4/," Oct. 12, 2018"
Tom Clancy’s The Division™,$20.99,https://www.hrkgame.com/media/games/.thumbnails/header_bsfaVfq.jpg/header_bsfaVfq-460x215.jpg,/games/product/tom-clancys-the-divisiontm/," March 8, 2016"
Rust EUROPE,$26.99,https://www.hrkgame.com/media/games/.thumbnails/header_OG5D39q.jpg/header_OG5D39q-460x215.jpg,/games/product/rust/," Dec. 11, 2013"
Conan Exiles,$18.99,https://www.hrkgame.com/media/games/.thumbnails/header_MNkeOvo.jpg/header_MNkeOvo-460x215.jpg,/games/product/conan-exiles/," Jan. 30, 2017"
Mad Max,$4.49,https://www.hrkgame.com/media/games/.thumbnails/header_A2Z47VK.jpg/header_A2Z47VK-460x215.jpg,/games/product/mad-max/," Sept. 1, 2015"
Windows 7 Professional OEM PC CD Key,$9.99,https://www.hrkgame.com/media/games/.thumbnails/win7pro_cover.jpg/win7pro_cover-460x215.jpg,/games/product/windows-7-professional-pc-cd-key/," Oct. 27, 2016"
The Elder Scrolls V: Skyrim Special Edition,$15.99,https://www.hrkgame.com/media/games/.thumbnails/header_fpkudNt.jpg/header_fpkudNt-460x215.jpg,/games/product/the-elder-scrolls-v-skyrim-special-edition/," May 16, 2011"
Terraria,$5.99,https://www.hrkgame.com/media/games/.thumbnails/header_wciOcl7.jpg/header_wciOcl7-460x215.jpg,/games/product/terraria/," Oct. 7, 2016"
Mafia III EUROPE,$6.99,https://www.hrkgame.com/media/games/.thumbnails/header_mIO4X2L.jpg/header_mIO4X2L-460x215.jpg,/games/product/mafia-iii/," March 10, 2015"
Sid Meier's Civilization V: Complete Edition,$9.99,https://www.hrkgame.com/media/uploads/games/smcvce/.thumbnails/sm_h.jpg/sm_h-460x215.jpg,/games/product/sid-meiers-civilization-v-complete-edition/," March 15, 2019"
Cities: Skylines Deluxe Edition,$8.99,https://www.hrkgame.com/media/games/.thumbnails/header_49cCXcS.jpg/header_49cCXcS-460x215.jpg,/games/product/cities-skylines-deluxe-edition-steam-cd-key-global/," Feb. 25, 2016"
Tom Clancy’s The Division® 2 EUROPE,$49.99,https://www.hrkgame.com/media/games/.thumbnails/header_1BftVv3.jpg/header_1BftVv3-460x215.jpg,/games/product/tom-clancys-the-division-2/," June 12, 2014"
Borderlands 2 Game of the Year,$6.99,https://www.hrkgame.com/media/uploads/games/.thumbnails/bl2goty.jpg/bl2goty-460x215.jpg,/games/product/borderlands-2-game-of-the-year/,(No string found)
SUPERHOT,$5.29,https://www.hrkgame.com/media/games/.thumbnails/header_rEONa15.jpg/header_rEONa15-460x215.jpg,/games/product/superhot/,(No string found)
SPINTIRES™,$4.3,https://www.hrkgame.com/media/games/.thumbnails/header_kCf0GXV.jpg/header_kCf0GXV-460x215.jpg,/games/product/spintirestm/,(No string found)
TEKKEN 7,$18.99,https://www.hrkgame.com/media/games/.thumbnails/header_5sHUCwO.jpg/header_5sHUCwO-460x215.jpg,/games/product/tekken-7/," June 1, 2017"
MONSTER HUNTER: WORLD,$37.99,https://www.hrkgame.com/media/games/.thumbnails/header_DI4ErKR.jpg/header_DI4ErKR-460x215.jpg,/games/product/monster-hunter-world/," Aug. 9, 2018"
Euro Truck Simulator 2 - Italia,$8.99,https://www.hrkgame.com/media/games/.thumbnails/header_ruYMknx.jpg/header_ruYMknx-460x215.jpg,/games/product/euro-truck-simulator-2-italia/," Dec. 5, 2017"
DiRT 3 Complete Edition,$1.79,https://www.hrkgame.com/media/games/.thumbnails/header_bVuklDc.jpg/header_bVuklDc-460x215.jpg,/games/product/dirt-3-complete-edition/," April 1, 2015"
Killing Floor 2,$6.2,https://www.hrkgame.com/media/games/.thumbnails/header_qEKKIcK.jpg/header_qEKKIcK-460x215.jpg,/games/product/killing-floor-2/," Nov. 18, 2016"
TITANFALL® 2,$10.99,https://www.hrkgame.com/media/games/.thumbnails/t.jpg/t-460x215.jpg,/games/product/titanfall-2/," Oct. 28, 2016"
Northgard,$17.99,https://www.hrkgame.com/media/games/.thumbnails/header_kQQgObA.jpg/header_kQQgObA-460x215.jpg,/games/product/northgard/," Feb. 22, 2017"
Dead by Daylight,$11.99,https://www.hrkgame.com/media/games/.thumbnails/header_n3SVEry.jpg/header_n3SVEry-460x215.jpg,/games/product/dead-by-daylight/," June 14, 2016"
Euro Truck Simulator 2 - Vive la France !,$5.99,https://www.hrkgame.com/media/games/.thumbnails/header_7YFfiRX.jpg/header_7YFfiRX-460x215.jpg,/games/product/euro-truck-simulator-2-vive-la-france/," Dec. 5, 2016"
Space Engineers,$11.99,https://www.hrkgame.com/media/games/.thumbnails/header_8PjCObW.jpg/header_8PjCObW-460x215.jpg,/games/product/space-engineers/," Aug. 19, 2013"
The Bureau: XCOM Declassified,$1.29,https://www.hrkgame.com/media/games/.thumbnails/header_BlPwRfB.jpg/header_BlPwRfB-460x215.jpg,/games/product/the-bureau-xcom-declassified/," Nov. 8, 2011"
Call of Duty®: Modern Warfare® 3,$9.99,https://www.hrkgame.com/media/games/.thumbnails/header_f6jue3o.jpg/header_f6jue3o-460x215.jpg,/games/product/call-of-duty-modern-warfare-3/," May 19, 2014"
Wolfenstein: The New Order,$3.99,https://www.hrkgame.com/media/games/.thumbnails/header_myv6x6R.jpg/header_myv6x6R-460x215.jpg,/games/product/wolfenstein-the-new-order/," Nov. 30, 2015"
The Witcher 3: Wild Hunt - Game of the Year Edition,$14.29,https://www.hrkgame.com/media/games/.thumbnails/w1.jpg/w1-460x215.jpg,/games/product/the-witcher-3-wild-hunt-game-of-the-year-edition/," Nov. 9, 2016"
Just Cause 3,$5.99,https://www.hrkgame.com/media/games/.thumbnails/header_hBH2vKi.jpg/header_hBH2vKi-460x215.jpg,/games/product/just-cause-3/," Jan. 26, 2015"
Diablo 3 Battlechest,$21.99,https://www.hrkgame.com/media/games/.thumbnails/diablo_3_battlechest-460x215.jpg/diablo_3_battlechest-460x215-460x215.jpg,/games/product/diablo-3-battlechest-eu/," Nov. 9, 2010"
Dying Light: The Following - Enhanced Edition,$14.59,https://www.hrkgame.com/media/games/.thumbnails/header_SId4ZEz.jpg/header_SId4ZEz-460x215.jpg,/games/product/dying-light-the-following-enhanced-edition/," May 31, 2017"
Call of Duty®: Black Ops,$9.99,https://www.hrkgame.com/media/games/.thumbnails/header_3gHE7jJ.jpg/header_3gHE7jJ-460x215.jpg,/games/product/call-of-duty-black-ops/," Nov. 29, 2018"
Rising Storm 2: Vietnam Digital Deluxe,$5.49,https://www.hrkgame.com/media/games/.thumbnails/risingst2vietdd_cover.jpg/risingst2vietdd_cover-460x215.jpg,/games/product/rising-storm-2-vietnam-digital-deluxe/,(No string found)
Euro Truck Simulator 2 - Beyond the Baltic Sea,$9.99,https://www.hrkgame.com/media/games/.thumbnails/header_0gwF398.jpg/header_0gwF398-460x215.jpg,/games/product/euro-truck-simulator-2-beyond-the-baltic-sea/,(No string found)
Batman: Arkham Knight Premium Edition,$5.49,https://www.hrkgame.com/media/games/.thumbnails/bat_prim_cover.jpg/bat_prim_cover-460x215.jpg,/games/product/batman-arkham-knight-premium-edition/," Oct. 27, 2017"
Assassin’s Creed Origins,$28.99,https://www.hrkgame.com/media/games/.thumbnails/assassorig_cover_cover.jpg/assassorig_cover_cover-460x215.jpg,/games/product/assassins-creed-origins/," Nov. 3, 2017"
Call of Duty®: WWII,$19.99,https://www.hrkgame.com/media/games/.thumbnails/header_8o9zGJz.jpg/header_8o9zGJz-460x215.jpg,/games/product/call-of-duty-wwii/," March 26, 2018"
Far Cry® 5,$23.99,https://www.hrkgame.com/media/games/.thumbnails/header_INLZzaC.jpg/header_INLZzaC-460x215.jpg,/games/product/far-cry-5/," Nov. 3, 2014"
World of Warcraft 60 days Time Card Prepaid EU,$26.99,https://www.hrkgame.com/media/games/.thumbnails/w1_yGJa3vs.jpg/w1_yGJa3vs-460x215.jpg,/games/product/world-of-warcraft-60-days-time-card-prepaid-eu/," Nov. 9, 2016"
Call of Duty®: Advanced Warfare,$7.99,https://www.hrkgame.com/media/games/.thumbnails/11111111111111111111111111.jpg/11111111111111111111111111-460x215.jpg,/games/product/call-of-duty-advanced-warfare/," Jan. 24, 2017"
Dishonored 2,$9.49,https://www.hrkgame.com/media/games/.thumbnails/header_Ppu4eLk.jpg/header_Ppu4eLk-460x215.jpg,/games/product/dishonored-2/," Sept. 7, 2011"
RESIDENT EVIL 7 biohazard EU,$9.99,https://www.hrkgame.com/media/games/.thumbnails/header_frwg8LO.jpg/header_frwg8LO-460x215.jpg,/games/product/resident-evil-7-biohazard-biohazard-7-resident-evil/," April 16, 2012"
Minecraft,$24.99,https://www.hrkgame.com/media/uploads/games/.thumbnails/minecraft-produktbild.png/minecraft-produktbild-460x215.png,/games/product/minecraft/," Dec. 4, 2012"
The Witcher 2: Assassins of Kings Enhanced Edition S...,$3.99,https://www.hrkgame.com/media/games/.thumbnails/header_QEvzUrH.jpg/header_QEvzUrH-460x215.jpg,/games/product/the-witcher-2-assassins-of-kings-enhanced-edition-steam-edition/," Oct. 21, 2016"
Mortal Kombat XL,$6.1,https://www.hrkgame.com/media/games/.thumbnails/JhQZZ02.png/JhQZZ02-460x215.png,/games/product/mortal-kombat-xl/," April 11, 2016"
Far Cry 3,$8.39,https://www.hrkgame.com/media/games/.thumbnails/header_fGsFADr.jpg/header_fGsFADr-460x215.jpg,/games/product/far-cry-3/," March 23, 2017"
Sid Meier’s Civilization® VI EUROPE,$12.99,https://www.hrkgame.com/media/games/.thumbnails/header_UP5DDXG.jpg/header_UP5DDXG-460x215.jpg,/games/product/sid-meiers-civilization-vi/," Sept. 28, 2017"
DARK SOULS™ III,$14.99,https://www.hrkgame.com/media/games/.thumbnails/header_DbYmm0n.jpg/header_DbYmm0n-460x215.jpg,/games/product/dark-soulstm-iii/," Nov. 11, 2009"
Fallout 4 Season Pass,$14.99,https://www.hrkgame.com/media/games/.thumbnails/header_t1wNKqS.jpg/header_t1wNKqS-460x215.jpg,/games/product/fallout-4-season-pass/," Sept. 29, 2017"
Mass Effect™: Andromeda,$9.99,https://www.hrkgame.com/media/games/.thumbnails/mass-effect-andromeda.jpg/mass-effect-andromeda-460x215.jpg,/games/product/mass-effect-andromeda/," Nov. 18, 2015"
Total War: WARHAMMER II,$22.99,https://www.hrkgame.com/media/games/.thumbnails/header_fIVkiFc.jpg/header_fIVkiFc-460x215.jpg,/games/product/total-war-warhammer-ii/,(No string found)
Call of Duty®: Modern Warfare® 2,$8.99,https://www.hrkgame.com/media/games/.thumbnails/header_RxztId5.jpg/header_RxztId5-460x215.jpg,/games/product/call-of-duty-modern-warfare-2/,(No string found)
FIFA 18,$15.49,https://www.hrkgame.com/media/games/.thumbnails/DBkhZ56XsAAMsPy.jpg/DBkhZ56XsAAMsPy-460x215.jpg,/games/product/fifa-18/,(No string found)
Assassin's Creed® Syndicate,$12.99,https://www.hrkgame.com/media/games/.thumbnails/header_dwKRKM5.jpg/header_dwKRKM5-460x215.jpg,/games/product/assassins-creed-syndicate/,(No string found)
Sekiro™: Shadows Die Twice,$54.99,https://www.hrkgame.com/media/games/.thumbnails/header_Ex0RhcR.jpg/header_Ex0RhcR-460x215.jpg,/games/product/sekirotm-shadows-die-twice/," March 22, 2019"
Wolfenstein II: The New Colossus,$14.49,https://www.hrkgame.com/media/games/.thumbnails/header_ANEU81Y.jpg/header_ANEU81Y-460x215.jpg,/games/product/wolfenstein-ii-the-new-colossus/," Oct. 27, 2017"
MICROSOFT OFFICE 2016 HOME AND STUDENT,$19.99,https://www.hrkgame.com/media/games/.thumbnails/office-home-and-student-2016-title.jpg/office-home-and-student-2016-title-460x215.jpg,/games/product/microsoft-office-2016-home-and-business/," June 19, 2017"
Prey,$8.99,https://www.hrkgame.com/media/games/.thumbnails/prey.jpg/prey-460x215.jpg,/games/product/prey/," May 5, 2017"
Football Manager 2017 Limited Edition,$17.99,https://www.hrkgame.com/media/games/.thumbnails/header_M9gVQnL.jpg/header_M9gVQnL-460x215.jpg,/games/product/football-manager-2017/," Nov. 3, 2016"
Planet Coaster,$11.91,https://www.hrkgame.com/media/games/.thumbnails/header_v4vv1yx.jpg/header_v4vv1yx-460x215.jpg,/games/product/planet-coaster/," Nov. 17, 2016"
NieR:Automata Standard Edition,$24.99,https://www.hrkgame.com/media/games/.thumbnails/nierstand_cover.jpg/nierstand_cover-460x215.jpg,/games/product/nierautomata-standard-edition/," March 17, 2017"
Warhammer: Vermintide 2,$14.99,https://www.hrkgame.com/media/games/.thumbnails/header_IbHH5st.jpg/header_IbHH5st-460x215.jpg,/games/product/warhammer-vermintide-2/," March 2, 2018"
Assassin’s Creed® Unity,$11.99,https://www.hrkgame.com/media/games/.thumbnails/header_iO9uEZ2.jpg/header_iO9uEZ2-460x215.jpg,/games/product/assassins-creed-unity/," Nov. 11, 2014"
theHunter: Call of the Wild™,$15.39,https://www.hrkgame.com/media/games/.thumbnails/header_eivyGhG.jpg/header_eivyGhG-460x215.jpg,/games/product/thehunter-call-of-the-wildtm/," Feb. 16, 2017"
Call of Duty®: Ghosts,$5.99,https://www.hrkgame.com/media/games/.thumbnails/header_Z7G86Gj.jpg/header_Z7G86Gj-460x215.jpg,/games/product/call-of-duty-ghosts/," March 25, 2014"
Stellaris,$9.99,https://www.hrkgame.com/media/games/.thumbnails/header_Z2GfCna.jpg/header_Z2GfCna-460x215.jpg,/games/product/stellaris/," May 9, 2016"
Far Cry 3 - Blood Dragon,$1.99,https://www.hrkgame.com/media/games/.thumbnails/header_I2m5LbM.jpg/header_I2m5LbM-460x215.jpg,/games/product/far-cry-3-blood-dragon/," May 1, 2013"
FIFA 18 - 2200 FUT POINTS,$16.99,https://www.hrkgame.com/media/games/.thumbnails/fifa18fut_cover.jpg/fifa18fut_cover-460x215.jpg,/games/product/fifa-18-2200-fut-points/," Sept. 29, 2017"
LEGO® MARVEL's Avengers,$4.49,https://www.hrkgame.com/media/games/.thumbnails/header_qTQiO2E.jpg/header_qTQiO2E-460x215.jpg,/games/product/lego-marvels-avengers/," Jan. 26, 2016"
Human: Fall Flat,$3.99,https://www.hrkgame.com/media/games/.thumbnails/header_VIehAf8.jpg/header_VIehAf8-460x215.jpg,/games/product/human-fall-flat/," July 22, 2016"
Batman Arkham Knight,$4.49,https://www.hrkgame.com/media/games/.thumbnails/header_pwFM9bO.jpg/header_pwFM9bO-460x215.jpg,/games/product/batman-arkham-knightharley-quinn-story-pack/," June 23, 2015"
Diablo 3,$11.99,https://www.hrkgame.com/media/uploads/games/d3/.thumbnails/diablo-3.jpg/diablo-3-460x215.jpg,/games/product/diablo-3-cd-key-pcmac-global/," May 15, 2012"
Tom Clancy's Ghost Recon® Wildlands,$21.99,https://www.hrkgame.com/media/games/.thumbnails/header_3ThN9kO.jpg/header_3ThN9kO-460x215.jpg,/games/product/tom-clancys-ghost-recon-wildlands/," March 7, 2017"
The Stronghold Collection,$10.99,https://www.hrkgame.com/media/games/.thumbnails/header_2iIN0vc.jpg/header_2iIN0vc-460x215.jpg,/games/product/the-stronghold-collection/," Oct. 27, 2009"
Gauntlet™ Slayer Edition,$2.2,https://www.hrkgame.com/media/games/.thumbnails/header_fR05zdi.jpg/header_fR05zdi-460x215.jpg,/games/product/gauntlettm-slayer-edition/," Sept. 23, 2014"
Batman: Arkham Asylum Game of the Year Edition,$3.99,https://www.hrkgame.com/media/games/.thumbnails/header_qcMIfXs.jpg/header_qcMIfXs-460x215.jpg,/games/product/batman-arkham-asylum-game-of-the-year-edition/," March 26, 2010"
Batman: Arkham City - Game of the Year Edition,$5.99,https://www.hrkgame.com/media/games/.thumbnails/header_vRbtqHs.jpg/header_vRbtqHs-460x215.jpg,/games/product/batman-arkham-city-game-of-the-year-edition/," Sept. 7, 2012"
The Elder Scrolls® Online Steam Edition,$9.84,https://www.hrkgame.com/media/games/.thumbnails/header_qPAxuiw.jpg/header_qPAxuiw-460x215.jpg,/games/product/the-elder-scrolls-online-tamriel-unlimited-steam-edition/," March 17, 2015"
Mortal Kombat X Premium Edition,$4.49,https://www.hrkgame.com/media/games/.thumbnails/mortal_peri_cover.jpg/mortal_peri_cover-460x215.jpg,/games/product/mortal-kombat-x-premium-edition/," April 13, 2015"
Euro Truck Simulator 2 - Scandinavia,$5.49,https://www.hrkgame.com/media/games/.thumbnails/header_phEnNyL.jpg/header_phEnNyL-460x215.jpg,/games/product/euro-truck-simulator-2-scandinavia/," May 14, 2015"
STAR WARS™ Battlefront™ II,$13.99,https://www.hrkgame.com/media/games/.thumbnails/STAR_WARS_Battlefront_II.jpeg/STAR_WARS_Battlefront_II-460x215.jpeg,/games/product/star-wars-battlefront-ii/," Nov. 17, 2017"
Farming Simulator 17,$16.99,https://www.hrkgame.com/media/games/.thumbnails/farming.jpg/farming-460x215.jpg,/games/product/farming-simulator-17/," Oct. 25, 2016"
Deus Ex: Mankind Divided,$6.99,https://www.hrkgame.com/media/games/.thumbnails/header_H8WyD2p.jpg/header_H8WyD2p-460x215.jpg,/games/product/deus-ex-mankind-divided/," Aug. 23, 2016"
Call of Duty®: Infinite Warfare,$5.99,https://www.hrkgame.com/media/games/.thumbnails/header_GHdqALW.jpg/header_GHdqALW-460x215.jpg,/games/product/call-of-duty-infinite-warfare/," Nov. 4, 2016"
Factorio EUROPE,$19.99,https://www.hrkgame.com/media/games/.thumbnails/header_zBYd6K4.jpg/header_zBYd6K4-460x215.jpg,/games/product/factorio/," Feb. 25, 2016"
STAR WARS BATTLEFRONT,$7.3,https://www.hrkgame.com/media/uploads/games/.thumbnails/battlefront.jpg/battlefront-460x215.jpg,/games/product/star-wars-battlefront/," Nov. 17, 2015"
Rainbow Six Siege - Standard Edition Steam,$18.99,https://www.hrkgame.com/media/games/.thumbnails/header_6QiaZFi.jpg/header_6QiaZFi-460x215.jpg,/games/product/tom-clancys-rainbow-six-siege-steam-edition/," Dec. 1, 2015"
DiRT 4,$9.99,https://www.hrkgame.com/media/games/.thumbnails/header_ZekR6xR.jpg/header_ZekR6xR-460x215.jpg,/games/product/dirt-4/," June 9, 2017"
Dead Cells,$19.99,https://www.hrkgame.com/media/games/.thumbnails/header_hTd7pWj.jpg/header_hTd7pWj-460x215.jpg,/games/product/dead-cells/," May 10, 2017"
Guild Wars 2 GEMS 2000 GAMECARD GLOBAL,$20.49,https://www.hrkgame.com/media/games/.thumbnails/guild2gem_cover_n69xTPA.jpg/guild2gem_cover_n69xTPA-460x215.jpg,/games/product/guild-wars-2-gems-2000-gamecard-global/," Nov. 8, 2012"
COMMAND & CONQUER THE ULTIMATE COLLECTION,$6.99,https://www.hrkgame.com/media/games/.thumbnails/cc_cover.jpg/cc_cover-460x215.jpg,/games/product/command-conquer-the-ultimate-collection/, +1 Free Game(s)
Total War™: WARHAMMER®,$14.99,https://www.hrkgame.com/media/games/.thumbnails/header_spnsGz7.jpg/header_spnsGz7-460x215.jpg,/games/product/total-wartm-warhammer/," May 24, 2016"
The Evil Within,$4.65,https://www.hrkgame.com/media/games/.thumbnails/header_S0AeDol.jpg/header_S0AeDol-460x215.jpg,/games/product/the-evil-within/," Oct. 13, 2014"
Kerbal Space Program,$8.99,https://www.hrkgame.com/media/games/.thumbnails/header_fHqIDhP.jpg/header_fHqIDhP-460x215.jpg,/games/product/kerbal-space-program/," April 27, 2015"
Middle-earth™: Shadow of War™,$9.99,https://www.hrkgame.com/media/games/.thumbnails/header_0TkEKs4.jpg/header_0TkEKs4-460x215.jpg,/games/product/middle-earthtm-shadow-of-wartm/," Oct. 10, 2017"
NBA 2K14,$2.99,https://www.hrkgame.com/media/games/.thumbnails/NBA_2k14.jpg/NBA_2k14-460x215.jpg,/games/product/nba-2k14/," Oct. 1, 2013"
Diablo 3: Reaper of Souls,$12.99,https://www.hrkgame.com/media/uploads/games/.thumbnails/diablo-3-reaper-of-souls-img-4.jpg/diablo-3-reaper-of-souls-img-4-460x215.jpg,/games/product/diablo-3-reaper-of-souls/," March 25, 2014"
Need for Speed,$9.99,https://www.hrkgame.com/media/uploads/games/.thumbnails/nfs.jpg/nfs-460x215.jpg,/games/product/need-for-speed/," March 15, 2016"
The Sims 4,$15.99,https://www.hrkgame.com/media/games/.thumbnails/3.jpg/3-460x215.jpg,/games/product/the-sims-4-origin-cd-key-global/," Sept. 2, 2014"
METAL GEAR SOLID V: THE PHANTOM PAIN,$8.99,https://www.hrkgame.com/media/games/.thumbnails/header_ysLEOrP.jpg/header_ysLEOrP-460x215.jpg,/games/product/metal-gear-solid-v-the-phantom-pain/," Sept. 1, 2015"
Guild Wars 2 Heart of Thorns,$16.99,https://www.hrkgame.com/media/uploads/games/.thumbnails/gw2-heart-of-thorns-670.jpg/gw2-heart-of-thorns-670-460x215.jpg,/games/product/guild-wars-2-heart-of-thorns/," Oct. 23, 2015"
PRO EVOLUTION SOCCER 2019,$11.99,https://www.hrkgame.com/media/games/.thumbnails/header_56bLLW5.jpg/header_56bLLW5-460x215.jpg,/games/product/pro-evolution-soccer-2019/," Aug. 30, 2018"
HITMAN™2 - Standard Edition,$19.99,https://www.hrkgame.com/media/games/.thumbnails/header_A4J5TS3.jpg/header_A4J5TS3-460x215.jpg,/games/product/hitmantm2-standard-edition/," Nov. 13, 2018"
Fallout: New Vegas Ultimate Edition,$7.49,https://www.hrkgame.com/media/games/.thumbnails/community_image_1389550539.png/community_image_1389550539-460x215.png,/games/product/fallout-new-vegas-ultimate-edition/," April 1, 2014"
The Elder Scrolls Online - 3000 Crown Pack,$18.99,https://www.hrkgame.com/media/games/.thumbnails/eldercrown_cover.jpg/eldercrown_cover-460x215.jpg,/games/product/the-elder-scrolls-online-3000-crown-pack/," Sept. 15, 2017"
Dishonored: Death of the Outsider,$7.99,https://www.hrkgame.com/media/games/.thumbnails/header_KSU43Gm.jpg/header_KSU43Gm-460x215.jpg,/games/product/dishonored-death-of-the-outsider/," Aug. 22, 2017"
BATTLEFIELD 1 REVOLUTION EDITION,$15.99,https://www.hrkgame.com/media/games/.thumbnails/rendition1.img.jpg/rendition1.img-460x215.jpg,/games/product/battlefield-1-revolution-edition/," Sept. 1, 2016"
Fallout 4: Game of the Year Edition,$15.99,https://www.hrkgame.com/media/games/.thumbnails/ali111.jpg/ali111-460x215.jpg,/games/product/fallout-4-game-of-the-year-edition/," Oct. 13, 2017"
ARK: Scorched Earth - Expansion Pack,$12.99,https://www.hrkgame.com/media/games/.thumbnails/header_k6WYldz.jpg/header_k6WYldz-460x215.jpg,/games/product/ark-scorched-earth-expansion-pack/," Feb. 9, 2016"
The Evil Within 2,$14.99,https://www.hrkgame.com/media/games/.thumbnails/header_8o1x89M.jpg/header_8o1x89M-460x215.jpg,/games/product/the-evil-within-2/," Nov. 17, 2014"
Rise of the Tomb Raider™,$15.99,https://www.hrkgame.com/media/games/.thumbnails/70009b60d454b028ef60886bd20b2ae2-460x215.jpg/70009b60d454b028ef60886bd20b2ae2-460x215-460x215.jpg,/games/product/rise-of-the-tomb-raidertm/," March 7, 2016"
Far Cry® 4 Season Pass,$8.99,https://www.hrkgame.com/media/games/.thumbnails/header_150MIzg.jpg/header_150MIzg-460x215.jpg,/games/product/far-cry-4-season-pass/," Dec. 1, 2014"
Tom Clancy’s The Division EN/ZH,$17.99,https://www.hrkgame.com/media/games/.thumbnails/header_99oMO9a.jpg/header_99oMO9a-460x215.jpg,/games/product/tom-clancys-the-division-enzh/,(No string found)
The Crew™,$7.99,https://www.hrkgame.com/media/games/.thumbnails/header_SiJc9C6.jpg/header_SiJc9C6-460x215.jpg,/games/product/the-crewtm/,(No string found)
Miscreated,$11.99,https://www.hrkgame.com/media/games/.thumbnails/header_B7yVGwP.jpg/header_B7yVGwP-460x215.jpg,/games/product/miscreated/," Oct. 30, 2014"
LEGO Harry Potter: Years 1-4,$3.49,https://www.hrkgame.com/media/games/.thumbnails/header_wp2PZdD.jpg/header_wp2PZdD-460x215.jpg,/games/product/lego-harry-potter-years-1-4/," June 29, 2010"
Windows 8.1 OEM PC CD Key,$7.99,https://www.hrkgame.com/media/games/.thumbnails/win8_cover.jpg/win8_cover-460x215.jpg,/games/product/windows-81-oem-pc-cd-key/," Nov. 6, 2015"
The Incredible Adventures of Van Helsing: Final Cut,$1.99,https://www.hrkgame.com/media/games/.thumbnails/header_jyYgFjv.jpg/header_jyYgFjv-460x215.jpg,/games/product/the-incredible-adventures-of-van-helsing-final-cut/," Feb. 29, 2016"
Far Cry® Primal,$13.99,https://www.hrkgame.com/media/games/.thumbnails/header_Yp0FJyL.jpg/header_Yp0FJyL-460x215.jpg,/games/product/far-cry-primal/," Jan. 15, 2018"
My Time At Portia,$18.99,https://www.hrkgame.com/media/games/.thumbnails/header_b9oActr.jpg/header_b9oActr-460x215.jpg,/games/product/my-time-at-portia/," Sept. 22, 2015"
FIFA 16,$10.99,https://www.hrkgame.com/media/games/.thumbnails/fifa-16-ultimate-team-hack-cheats-online.jpg/fifa-16-ultimate-team-hack-cheats-online-460x215.jpg,/games/product/fifa-16/," Sept. 27, 2016"
Forza Horizon 3 XBOX ONE / WINDOWS 10,$37.99,https://www.hrkgame.com/media/games/.thumbnails/Forza_Horizon_3.jpg/Forza_Horizon_3-460x215.jpg,/games/product/forza-horizon-3-xbox-one-windows-10/," Feb. 26, 2016"
Stardew Valley EUROPE,$11.29,https://www.hrkgame.com/media/games/.thumbnails/header_skEOTwW.jpg/header_skEOTwW-460x215.jpg,/games/product/stardew-valley/," Sept. 13, 2017"
Pro Evolution Soccer 2018 Standard Edition,$9.99,https://www.hrkgame.com/media/games/.thumbnails/Pro_Evolution_Soccer_2018.jpg/Pro_Evolution_Soccer_2018-460x215.jpg,/games/product/pro-evolution-soccer-2018-standard-edition/," March 14, 2011"
Homefront,$0.99,https://www.hrkgame.com/media/games/.thumbnails/header_jUJQpZu.jpg/header_jUJQpZu-460x215.jpg,/games/product/homefront/," Sept. 22, 2017"
Project CARS 2,$13.99,https://www.hrkgame.com/media/games/.thumbnails/header_oCWV4Rl.jpg/header_oCWV4Rl-460x215.jpg,/games/product/project-cars-2/," Feb. 15, 2019"
Far Cry® New Dawn EUROPE,$24.99,https://www.hrkgame.com/media/games/.thumbnails/header_cXuITai.jpg/header_cXuITai-460x215.jpg,/games/product/far-cry-new-dawn-europe/," Nov. 18, 2014"
FAR CRY 4 GOLD EDITION,$16.99,https://www.hrkgame.com/media/games/.thumbnails/p1_50111152103357.JPG/p1_50111152103357-460x215.JPG,/games/product/far-cry-4-gold-edition/," April 24, 2018"
Frostpunk,$13.93,https://www.hrkgame.com/media/games/.thumbnails/header_8OkSKOS.jpg/header_8OkSKOS-460x215.jpg,/games/product/frostpunk/," Aug. 13, 2013"
PAYDAY 2,$6.99,https://www.hrkgame.com/media/games/.thumbnails/header_0t1tUuL.jpg/header_0t1tUuL-460x215.jpg,/games/product/payday-2/," Oct. 6, 2018"
Assassin's Creed® Odyssey,$33.99,https://www.hrkgame.com/media/games/.thumbnails/header_k3oNUCd.jpg/header_k3oNUCd-460x215.jpg,/games/product/assassins-creed-odyssey/," Oct. 6, 2014"
Alien: Isolation,$6.99,https://www.hrkgame.com/media/games/.thumbnails/header_E6WxjUr.jpg/header_E6WxjUr-460x215.jpg,/games/product/alien-isolation/," April 30, 2018"
The Forest EUROPE,$15.99,https://www.hrkgame.com/media/games/.thumbnails/header_QNipi2G.jpg/header_QNipi2G-460x215.jpg,/games/product/the-forest/," Feb. 27, 2014"
resident evil 4 HD/ biohazard 4 HD,$8.49,https://www.hrkgame.com/media/games/.thumbnails/header_lX3B64Z.jpg/header_lX3B64Z-460x215.jpg,/games/product/resident-evil-4-biohazard-4/,(No string found)
FIFA 19 EN/PL,$26.99,https://www.hrkgame.com/media/games/.thumbnails/fifa-19.jpg/fifa-19-460x215.jpg,/games/product/fifa-19-enpl/," Sept. 28, 2018"
Sid Meier's Civilization®: Beyond Earth™,$6.99,https://www.hrkgame.com/media/games/.thumbnails/header_359qFUN.jpg/header_359qFUN-460x215.jpg,/games/product/sid-meiers-civilization-beyond-earthtm/," Oct. 23, 2014"
The Flame in the Flood,$0.7,https://www.hrkgame.com/media/games/.thumbnails/header_Zmmu0pD.jpg/header_Zmmu0pD-460x215.jpg,/games/product/the-flame-in-the-flood/," Feb. 24, 2016"
House Flipper EUROPE,$15.99,https://www.hrkgame.com/media/games/.thumbnails/header_LfxLDo4.jpg/header_LfxLDo4-460x215.jpg,/games/product/house-flipper/," May 17, 2018"
Sid Meier's Civilization® V,$6.99,https://www.hrkgame.com/media/games/.thumbnails/header_8lxSA3t.jpg/header_8lxSA3t-460x215.jpg,/games/product/sid-meiers-civilization-v/," Sept. 21, 2010"
Microsoft Office 2019 Professional Plus,$42.99,https://www.hrkgame.com/media/games/.thumbnails/office19pp_cover.jpg/office19pp_cover-460x215.jpg,/games/product/microsoft-office-2019-professional-plus/," March 9, 2010"
Assassin's Creed II,$6.99,https://www.hrkgame.com/media/games/.thumbnails/header_uKAwtNz.jpg/header_uKAwtNz-460x215.jpg,/games/product/assassins-creed-2-deluxe-edition/," March 11, 2013"
Sniper: Ghost Warrior 2,$1.99,https://www.hrkgame.com/media/games/.thumbnails/header_hgutexS.jpg/header_hgutexS-460x215.jpg,/games/product/sniper-ghost-warrior-2/," Oct. 13, 2016"
Shadow Warrior 2,$24.99,https://www.hrkgame.com/media/games/.thumbnails/header_BitakC1.jpg/header_BitakC1-460x215.jpg,/games/product/shadow-warrior-2/," Jan. 5, 2012"
Xbox Live 12 Months GOLD Subscription Card GLOBAL,$42.99,https://www.hrkgame.com/media/games/.thumbnails/12_month.jpg/12_month-460x215.jpg,/games/product/xbox-live-12-months-gold-subscription-card-global/," May 4, 2015"
LEGO Harry Potter: Years 5-7,$2.99,https://www.hrkgame.com/media/games/.thumbnails/header_nje7P4G.jpg/header_nje7P4G-460x215.jpg,/games/product/lego-harry-potter-years-5-7/," Oct. 25, 2006"
Wolfenstein: The Old Blood,$3.99,https://www.hrkgame.com/media/games/.thumbnails/header_lGkMKGE.jpg/header_lGkMKGE-460x215.jpg,/games/product/wolfenstein-the-old-blood/," Sept. 28, 2018"
Sid Meier's Civilization® IV,$1.17,https://www.hrkgame.com/media/games/.thumbnails/header_iCYQjRB.jpg/header_iCYQjRB-460x215.jpg,/games/product/sid-meiers-civilization-iv/," April 21, 2015"
FIFA 19,$28.99,https://www.hrkgame.com/media/games/.thumbnails/fifa19.jpg/fifa19-460x215.jpg,/games/product/fifa-19/," Feb. 15, 2019"
Killing Floor 2 - Deluxe Edition,$5.99,https://www.hrkgame.com/media/games/.thumbnails/header_ugmSNhG.jpg/header_ugmSNhG-460x215.jpg,/games/product/killing-floor-2-deluxe-edition/," Nov. 29, 2011"
Metro Exodus EUROPE EPIC GAMES,$40.99,https://www.hrkgame.com/media/games/.thumbnails/header_36pHGK4.jpg/header_36pHGK4-460x215.jpg,/games/product/metro-exodus/," Feb. 24, 2017"
Assassin's Creed® Revelations,$8.99,https://www.hrkgame.com/media/games/.thumbnails/header_XG2azL2.jpg/header_XG2azL2-460x215.jpg,/games/product/assassins-creed-revelations/," Nov. 29, 2016"
Blackwake,$7.99,https://www.hrkgame.com/media/games/.thumbnails/header_4FcgG7r.jpg/header_4FcgG7r-460x215.jpg,/games/product/blackwake/," Nov. 29, 2006"
Darksiders Warmastered Edition,$1.49,https://www.hrkgame.com/media/games/.thumbnails/header_IMe1eHX.jpg/header_IMe1eHX-460x215.jpg,/games/product/darksiders-warmastered-edition/,(No string found)
Garry's Mod EUROPE,$8.29,https://www.hrkgame.com/media/games/.thumbnails/header_ZML4rgX.jpg/header_ZML4rgX-460x215.jpg,/games/product/garrys-mod/,(No string found)
Stronghold Crusader 2,$3.49,https://www.hrkgame.com/media/games/.thumbnails/header_Lt0p3Fj.jpg/header_Lt0p3Fj-460x215.jpg,/games/product/stronghold-crusader-2/," Sept. 22, 2014"
Stellaris: Utopia,$7.99,https://www.hrkgame.com/media/games/.thumbnails/header_GYREmQ8.jpg/header_GYREmQ8-460x215.jpg,/games/product/stellaris-utopia/," April 6, 2017"
Xbox Live 3 Months GOLD Subscription Card GLOBAL,$14.99,https://www.hrkgame.com/media/games/.thumbnails/3_month.jpg/3_month-460x215.jpg,/games/product/xbox-live-3-months-gold-subscription-card-global/," Dec. 19, 2014"
Assetto Corsa,$11.99,https://www.hrkgame.com/media/games/.thumbnails/header_PydptSq.jpg/header_PydptSq-460x215.jpg,/games/product/assetto-corsa/," March 9, 2015"
Shelter 2,$0.99,https://www.hrkgame.com/media/games/.thumbnails/header_ubhMqGF.jpg/header_ubhMqGF-460x215.jpg,/games/product/shelter-2/," Aug. 25, 2017"
F1 2017,$10.99,https://www.hrkgame.com/media/games/.thumbnails/vcvvsdvwevwve.jpg/vcvvsdvwevwve-460x215.jpg,/games/product/f1tm-2017/," Nov. 2, 2018"
Football Manager 2019,$21.99,https://www.hrkgame.com/media/games/.thumbnails/header_iPwkNOy.jpg/header_iPwkNOy-460x215.jpg,/games/product/football-manager-2019/," Oct. 23, 2015"
Sniper Ghost Warrior 3 Season Pass Edition,$6.99,https://www.hrkgame.com/media/games/.thumbnails/397988-sniper-ghost-warrior-3-windows-front-cover.jpg/397988-sniper-ghost-warrior-3-windows-front-cover-460x215.jpg,/games/product/sniper-ghost-warrior-3/," Feb. 6, 2012"
Warhammer: End Times - Vermintide,$3.99,https://www.hrkgame.com/media/games/.thumbnails/header_NyhPv0o.jpg/header_NyhPv0o-460x215.jpg,/games/product/warhammer-end-times-vermintide/," Nov. 27, 2014"
The Darkness II,$0.99,https://www.hrkgame.com/media/games/.thumbnails/sdsdcdsdcwecwecwec.jpg/sdsdcdsdcwecwecwec-460x215.jpg,/games/product/the-darkness-ii/," Aug. 7, 2018"
Joe Dever's Lone Wolf HD Remastered,$2.49,https://www.hrkgame.com/media/games/.thumbnails/header_F9b2Qc5.jpg/header_F9b2Qc5-460x215.jpg,/games/product/joe-devers-lone-wolf-hd-remastered/," March 22, 2013"
Overcooked! 2,$15.49,https://www.hrkgame.com/media/games/.thumbnails/header_m7EgZgK.jpg/header_m7EgZgK-460x215.jpg,/games/product/overcooked-2/," Oct. 26, 2017"
Resident Evil 6 / Biohazard 6,$7.49,https://www.hrkgame.com/media/games/.thumbnails/header_wM7FkBh.jpg/header_wM7FkBh-460x215.jpg,/games/product/resident-evil-6-biohazard-6/," June 27, 2014"
Assassin's Creed® Origins - Season Pass,$20.99,https://www.hrkgame.com/media/games/.thumbnails/header_dIBPBvg.jpg/header_dIBPBvg-460x215.jpg,/games/product/assassins-creed-origins-season-pass/," Jan. 26, 2018"
Sniper Elite 3,$8.99,https://www.hrkgame.com/media/games/.thumbnails/header_jbcWXTz.jpg/header_jbcWXTz-460x215.jpg,/games/product/sniper-elite-3/," April 14, 2015"
DRAGON BALL FighterZ,$19.99,https://www.hrkgame.com/media/games/.thumbnails/header_mSV2vtu.jpg/header_mSV2vtu-460x215.jpg,/games/product/dragon-ball-fighterz/," Nov. 19, 2013"
GRAND THEFT AUTO V + GREAT WHITE SHARK CASH CARD,$16.99,https://www.hrkgame.com/media/games/.thumbnails/gta5card_cover.jpg/gta5card_cover-460x215.jpg,/games/product/grand-theft-auto-v-great-white-shark-cash-card/," Oct. 15, 2012"
Assassin’s Creed® IV Black Flag™,$8.49,https://www.hrkgame.com/media/games/.thumbnails/header_pG9TXAV.jpg/header_pG9TXAV-460x215.jpg,/games/product/assassins-creed-iv-black-flagtm/," Jan. 29, 2019"
Doom 3: BFG Edition,$3.99,https://www.hrkgame.com/media/games/.thumbnails/header_FIaVHm2.jpg/header_FIaVHm2-460x215.jpg,/games/product/doom-3-bfg-edition/,(No string found)
PC Building Simulator,$16.99,https://www.hrkgame.com/media/games/.thumbnails/header_FFBIivs.jpg/header_FFBIivs-460x215.jpg,/games/product/pc-building-simulator/,(No string found)
Max Payne 3,$5.99,https://www.hrkgame.com/media/games/.thumbnails/header_MrfJj31.jpg/header_MrfJj31-460x215.jpg,/games/product/max-payne-3/," May 31, 2012"
Mass Effect Trilogy,$7.49,https://www.hrkgame.com/media/uploads/games/.thumbnails/me-trilogy-title.jpg/me-trilogy-title-460x215.jpg,/games/product/mass-effect-trilogy/," Nov. 6, 2012"
FIFA 19 - 2200 Ultimate Team Points,$17.99,https://www.hrkgame.com/media/games/.thumbnails/fifa19point_cover.jpg/fifa19point_cover-460x215.jpg,/games/product/fifa-19-2200-ultimate-team-points/," Sept. 29, 2018"
Sid Meier’s Civilization® VI: Rise and Fall,$15.99,https://www.hrkgame.com/media/games/.thumbnails/header_1Ysb4Q1.jpg/header_1Ysb4Q1-460x215.jpg,/games/product/sid-meiers-civilization-vi-rise-and-fall/," Feb. 8, 2018"
Vampyr,$33.99,https://www.hrkgame.com/media/games/.thumbnails/header_wFraOPn.jpg/header_wFraOPn-460x215.jpg,/games/product/vampyr/," June 4, 2018"
Homefront®: The Revolution,$4.75,https://www.hrkgame.com/media/games/.thumbnails/header_pNj1Vv9.jpg/header_pNj1Vv9-460x215.jpg,/games/product/homefront-the-revolution/," May 17, 2016"
Microsoft Flight Simulator X: Steam Edition,$21.99,https://www.hrkgame.com/media/games/.thumbnails/header_J6gxDVO.jpg/header_J6gxDVO-460x215.jpg,/games/product/microsoft-flight-simulator-x-steam-edition/," Dec. 18, 2014"
"Warhammer 40,000: Dawn of War III",$7.99,https://www.hrkgame.com/media/games/.thumbnails/header_rMgl7GA.jpg/header_rMgl7GA-460x215.jpg,/games/product/warhammer-40000-dawn-of-war-iii/," April 27, 2017"
The Incredible Adventures of Van Helsing II : Comple...,$5.99,https://www.hrkgame.com/media/games/.thumbnails/header_ratio674832.jpg/header_ratio674832-460x215.jpg,/games/product/the-incredible-adventures-of-van-helsing-ii-complete-pack/, +1 Free Game(s)
The Elder Scrolls Online - Morrowind Upgrade DLC,$10.99,https://www.hrkgame.com/media/games/.thumbnails/481f61c7324fe3d9e1163cc4fa11e09495f1f04f_riitIAi.jpg/481f61c7324fe3d9e1163cc4fa11e09495f1f04f_riitIAi-460x215.jpg,/games/product/the-elder-scrolls-online-morrowind-upgrade-dlc/," May 22, 2017"
Call of Duty: Ghosts - XBOX 360 / XBOX ONE,$16.99,https://www.hrkgame.com/media/games/.thumbnails/Call_of_Duty_Ghosts__Xbox_One.jpg/Call_of_Duty_Ghosts__Xbox_One-460x215.jpg,/games/product/call-of-duty-ghosts-xbox-one/," Nov. 15, 2013"
Nioh: Complete Edition / 仁王 Complete Edition,$22.99,https://www.hrkgame.com/media/games/.thumbnails/header_zrggV3M.jpg/header_zrggV3M-460x215.jpg,/games/product/nioh-complete-edition-complete-edition/," Nov. 7, 2017"
Bus Simulator 18,$23.99,https://www.hrkgame.com/media/games/.thumbnails/header_46lnt3k.jpg/header_46lnt3k-460x215.jpg,/games/product/bus-simulator-18/," June 13, 2018"
Grim Dawn,$12.99,https://www.hrkgame.com/media/games/.thumbnails/header_CgmS3Mx.jpg/header_CgmS3Mx-460x215.jpg,/games/product/grim-dawn/," Feb. 25, 2016"
Hearts of Iron IV: Together for Victory,$6.99,https://www.hrkgame.com/media/games/.thumbnails/header_GtBO6Tf.jpg/header_GtBO6Tf-460x215.jpg,/games/product/hearts-of-iron-iv-together-for-victory/," Dec. 15, 2016"
Battlefield Hardline,$8.99,https://www.hrkgame.com/media/games/.thumbnails/Battlefield_Hardline.jpg/Battlefield_Hardline-460x215.jpg,/games/product/battlefield-hardline/," March 17, 2015"
Victor Vran ARPG,$2.99,https://www.hrkgame.com/media/games/.thumbnails/header_03sVCVF.jpg/header_03sVCVF-460x215.jpg,/games/product/victor-vran-arpg/," July 24, 2015"
Company of Heroes 2,$4.99,https://www.hrkgame.com/media/games/.thumbnails/header_y2qStk5.jpg/header_y2qStk5-460x215.jpg,/games/product/company-of-heroes-2/," June 25, 2013"
LEGO® STAR WARS™: The Force Awakens,$4.99,https://www.hrkgame.com/media/games/.thumbnails/header_KPTdKne.jpg/header_KPTdKne-460x215.jpg,/games/product/lego-star-warstm-the-force-awakens/," June 28, 2016"
Euro Truck Simulator 2 Gold Edition,$6.79,https://www.hrkgame.com/media/games/.thumbnails/ETSG.jpg/ETSG-460x215.jpg,/games/product/euro-truck-simulator-2-gold-edition/,(No string found)
Total War: ATTILA - Tyrants & Kings Edition,$9.99,https://www.hrkgame.com/media/games/.thumbnails/t1_tEOstak.jpg/t1_tEOstak-460x215.jpg,/games/product/total-war-attila-tyrants-kings-edition/, +1 Free Game(s)
Assassin's Creed Unity EN,$13.99,https://www.hrkgame.com/media/games/.thumbnails/header_Hs1EoGP.jpg/header_Hs1EoGP-460x215.jpg,/games/product/assassins-creed-unity-en/," Nov. 11, 2014"
Battlefield 3,$7.49,https://www.hrkgame.com/media/uploads/games/.thumbnails/battle_3.jpg/battle_3-460x215.jpg,/games/product/battlefield-3/," Oct. 28, 2011"
DRAGON BALL XENOVERSE 2,$14.99,https://www.hrkgame.com/media/games/.thumbnails/header_AxTiZ6m.jpg/header_AxTiZ6m-460x215.jpg,/games/product/dragon-ball-xenoverse-2/," Oct. 27, 2016"
FINAL FANTASY XV WINDOWS EDITION,$23.99,https://www.hrkgame.com/media/games/.thumbnails/header_p5UDYAU.jpg/header_p5UDYAU-460x215.jpg,/games/product/final-fantasy-xv-windows-edition/," March 6, 2018"
Age of Empires II HD EUROPE,$15.99,https://www.hrkgame.com/media/games/.thumbnails/header_ZvVIcjd.jpg/header_ZvVIcjd-460x215.jpg,/games/product/age-of-empires-ii-hd/," April 9, 2013"
Hand of Fate,$2.99,https://www.hrkgame.com/media/games/.thumbnails/header_RxYCovv.jpg/header_RxYCovv-460x215.jpg,/games/product/hand-of-fate/," Feb. 17, 2015"
Duke Nukem Forever,$4.99,https://www.hrkgame.com/media/games/.thumbnails/header_RBjIjNC.jpg/header_RBjIjNC-460x215.jpg,/games/product/duke-nukem-forever/," June 13, 2011"
The Sims™ 4 Cats & Dogs,$16.99,https://www.hrkgame.com/media/games/.thumbnails/sims.jpg/sims-460x215.jpg,/games/product/the-sims-4-cats-dogs/," Nov. 11, 2017"
Outlast,$2.99,https://www.hrkgame.com/media/games/.thumbnails/header_LHIyoSx.jpg/header_LHIyoSx-460x215.jpg,/games/product/outlast/," Sept. 4, 2013"
Spec Ops: The Line,$0.99,https://www.hrkgame.com/media/games/.thumbnails/header_SzM9n52.jpg/header_SzM9n52-460x215.jpg,/games/product/spec-ops-the-line/," June 25, 2012"
ELEX,$21.99,https://www.hrkgame.com/media/games/.thumbnails/header_ob4aaV9.jpg/header_ob4aaV9-460x215.jpg,/games/product/elex/," Oct. 17, 2017"
Turmoil,$2.99,https://www.hrkgame.com/media/games/.thumbnails/header_EW5xocg.jpg/header_EW5xocg-460x215.jpg,/games/product/turmoil/," June 2, 2016"
Destiny 2,$15.99,https://www.hrkgame.com/media/games/.thumbnails/destiny_2.jpg/destiny_2-460x215.jpg,/games/product/destiny-2/," Oct. 24, 2017"
DARK SOULS™ III Deluxe Edition,$22.99,https://www.hrkgame.com/media/games/.thumbnails/dark98766.gif/dark98766-460x215.gif,/games/product/dark-souls-iii-deluxe-edition/," April 12, 2016"
Scrap Mechanic EUROPE,$16.99,https://www.hrkgame.com/media/games/.thumbnails/header_dJM9d4P.jpg/header_dJM9d4P-460x215.jpg,/games/product/scrap-mechanic/," Jan. 19, 2016"
Agents of Mayhem,$6.99,https://www.hrkgame.com/media/games/.thumbnails/header_VeBV5Yy.jpg/header_VeBV5Yy-460x215.jpg,/games/product/agents-of-mayhem/," Aug. 15, 2017"
Fallout 3: Game of the Year Edition,$4.49,https://www.hrkgame.com/media/games/.thumbnails/header_10of1xq.jpg/header_10of1xq-460x215.jpg,/games/product/fallout-3-game-of-the-year-edition/," Dec. 17, 2009"
State of Decay: YOSE,$7.99,https://www.hrkgame.com/media/games/.thumbnails/header_eaYkW4f.jpg/header_eaYkW4f-460x215.jpg,/games/product/state-of-decay-yose/," April 27, 2015"
Evoland 2,$1.99,https://www.hrkgame.com/media/games/.thumbnails/header_4JePuTP.jpg/header_4JePuTP-460x215.jpg,/games/product/evoland-2/," Aug. 25, 2015"
DiRT Rally,$6.99,https://www.hrkgame.com/media/games/.thumbnails/header_xL17ry6.jpg/header_xL17ry6-460x215.jpg,/games/product/dirt-rally/," Dec. 7, 2015"
Hearts of Iron IV: Waking the Tiger,$9.99,https://www.hrkgame.com/media/games/.thumbnails/header_d72DDbv.jpg/header_d72DDbv-460x215.jpg,/games/product/hearts-of-iron-iv-waking-the-tiger/," March 8, 2018"
Shadow of the Tomb Raider,$27.99,https://www.hrkgame.com/media/games/.thumbnails/header_LuC9Qmc.jpg/header_LuC9Qmc-460x215.jpg,/games/product/shadow-of-the-tomb-raider/," Sept. 14, 2018"
Need for Speed™ Payback,$14.99,https://www.hrkgame.com/media/games/.thumbnails/NeedForSpeedPaybackList.jpg/NeedForSpeedPaybackList-460x215.jpg,/games/product/need-for-speed-payback/," Nov. 10, 2017"
Offworld Trading Company,$2.49,https://www.hrkgame.com/media/games/.thumbnails/header_I9O1KdG.jpg/header_I9O1KdG-460x215.jpg,/games/product/offworld-trading-company/," April 28, 2016"
Resident Evil™ 5/ Biohazard 5®,$7.99,https://www.hrkgame.com/media/games/.thumbnails/header_jpbCCDg.jpg/header_jpbCCDg-460x215.jpg,/games/product/resident-eviltm-5-biohazard-5/," Sept. 15, 2009"
Life Is Strange Complete Season (Episodes 1-5),$4.99,https://www.hrkgame.com/media/games/.thumbnails/LIFE.jpg/LIFE-460x215.jpg,/games/product/life-is-strange-complete-season-episodes-1-5/," Jan. 29, 2015"
Cuphead,$14.49,https://www.hrkgame.com/media/games/.thumbnails/header_nOpfB2v.jpg/header_nOpfB2v-460x215.jpg,/games/product/cuphead/," Sept. 29, 2017"
ASTRONEER EUROPE,$22.99,https://www.hrkgame.com/media/games/.thumbnails/header_S2EH2e8.jpg/header_S2EH2e8-460x215.jpg,/games/product/astroneer/," Dec. 15, 2016"
Worms W.M.D,$8.99,https://www.hrkgame.com/media/games/.thumbnails/header_45OuhTD.jpg/header_45OuhTD-460x215.jpg,/games/product/worms-wmd/," Aug. 23, 2016"
Windows 8.1 Professional RETAIL PC CD Key,$10.99,https://www.hrkgame.com/media/games/.thumbnails/win8cd_cover.jpg/win8cd_cover-460x215.jpg,/games/product/windows-81-professional-retail-pc-cd-key/," April 8, 2014"
LEGO® The Hobbit™,$0.99,https://www.hrkgame.com/media/games/.thumbnails/header_Uxjyft0.jpg/header_Uxjyft0-460x215.jpg,/games/product/lego-the-hobbittm/," Sept. 26, 2013"
Shadow Warrior: Special Edition,$1.99,https://www.hrkgame.com/media/games/.thumbnails/header_hkckebt.jpg/header_hkckebt-460x215.jpg,/games/product/shadow-warrior/," March 20, 2018"
SEA OF THIEVES XBOX ONE / WINDOWS 10,$46.99,https://www.hrkgame.com/media/games/.thumbnails/sea-of-thieves-logo-1050x479.png/sea-of-thieves-logo-1050x479-460x215.png,/games/product/sea-of-thieves-xbox-one-windows-10/," March 29, 2016"
LEGO® MARVEL's Avengers Season Pass,$5.99,https://www.hrkgame.com/media/games/.thumbnails/header_sWqxosr.jpg/header_sWqxosr-460x215.jpg,/games/product/lego-marvels-avengers-season-pass/," Feb. 14, 2017"
For Honor,$15.99,https://www.hrkgame.com/media/games/.thumbnails/header_Z21iP0t.jpg/header_Z21iP0t-460x215.jpg,/games/product/for-honor/," May 3, 2016"
Shadow Complex Remastered,$1.99,https://www.hrkgame.com/media/games/.thumbnails/header_1rEHzJn.jpg/header_1rEHzJn-460x215.jpg,/games/product/shadow-complex-remastered/," May 31, 2017"
Rising Storm 2: Vietnam,$5.49,https://www.hrkgame.com/media/games/.thumbnails/headerdfgdgerg.jpg/headerdfgdgerg-460x215.jpg,/games/product/rising-storm-2-vietnam-standard%20/," Sept. 29, 2016"
Quantum Break,$11.49,https://www.hrkgame.com/media/games/.thumbnails/header_dXL26hV.jpg/header_dXL26hV-460x215.jpg,/games/product/quantum-break/," Nov. 29, 2016"
Watch_Dogs® 2,$14.99,https://www.hrkgame.com/media/games/.thumbnails/5.jpg/5-460x215.jpg,/games/product/watch_dogs-2/,(No string found)
Arma 3 Apex,$20.99,https://www.hrkgame.com/media/games/.thumbnails/header_tEzq4KP.jpg/header_tEzq4KP-460x215.jpg,/games/product/arma-3-apex/," July 11, 2016"
Cities: Skylines - After Dark,$6.99,https://www.hrkgame.com/media/games/.thumbnails/header_wmKdm2A.jpg/header_wmKdm2A-460x215.jpg,/games/product/cities-skylines-after-dark/," Sept. 24, 2015"
Ori and the Blind Forest: Definitive Edition,$9.45,https://www.hrkgame.com/media/games/.thumbnails/header_kbJ2a1Y.jpg/header_kbJ2a1Y-460x215.jpg,/games/product/ori-and-the-blind-forest-definitive-edition/," April 27, 2016"
Street Fighter V,$8.49,https://www.hrkgame.com/media/games/.thumbnails/header_8oc60WY.jpg/header_8oc60WY-460x215.jpg,/games/product/street-fighter-v/," Feb. 16, 2016"
Assassin’s Creed Syndicate Special Edition,$16.99,https://www.hrkgame.com/media/games/.thumbnails/acsyndspc_cover.jpg/acsyndspc_cover-460x215.jpg,/games/product/assassins-creed-syndicate-special-edition/," Nov. 19, 2015"
Ryse: Son of Rome,$4.99,https://www.hrkgame.com/media/games/.thumbnails/header_aMcmCNk.jpg/header_aMcmCNk-460x215.jpg,/games/product/ryse-son-of-rome/," Oct. 10, 2014"
Borderlands: The Pre-Sequel,$9.99,https://www.hrkgame.com/media/games/.thumbnails/header_nel50Gb.jpg/header_nel50Gb-460x215.jpg,/games/product/borderlands-the-pre-sequel/," Oct. 13, 2014"
DARK SOULS™ II: Scholar of the First Sin,$8.49,https://www.hrkgame.com/media/games/.thumbnails/header_1wRs3GS.jpg/header_1wRs3GS-460x215.jpg,/games/product/dark-soulstm-ii-scholar-of-the-first-sin/," April 1, 2015"
LEGO® Star Wars™: The Force Awakens - Season Pass,$7.49,https://www.hrkgame.com/media/games/.thumbnails/header_xIKg7ix.jpg/header_xIKg7ix-460x215.jpg,/games/product/lego-star-warstm-the-force-awakens-season-pass/," June 27, 2016"
World of Warcraft Battle Chest + 30 days EU,$9.99,https://www.hrkgame.com/media/games/.thumbnails/wowbc_cover.jpg/wowbc_cover-460x215.jpg,/games/product/world-of-warcraft-battle-chest-30-days-eu/," Dec. 16, 2014"
Subnautica,$13.48,https://www.hrkgame.com/media/games/.thumbnails/header_9FCqsuB.jpg/header_9FCqsuB-460x215.jpg,/games/product/subnautica/," Feb. 9, 2016"
Rise of the Tomb Raider 20 Year Celebration,$10.99,https://www.hrkgame.com/media/games/.thumbnails/header_WRPAv9C.jpg/header_WRPAv9C-460x215.jpg,/games/product/rise-of-the-tomb-raider-20-year-celebration/," Jan. 19, 2015"
Resident Evil / biohazard HD REMASTER,$6.99,https://www.hrkgame.com/media/games/.thumbnails/header_XO0UEUW.jpg/header_XO0UEUW-460x215.jpg,/games/product/resident-evil-biohazard-hd-remaster/," Oct. 22, 2013"
Dishonored - Definitive Edition,$7.99,https://www.hrkgame.com/media/games/.thumbnails/d1.jpg/d1-460x215.jpg,/games/product/dishonored-definitive-edition/," Nov. 20, 2012"
LEGO® Marvel™ Super Heroes,$5.49,https://www.hrkgame.com/media/games/.thumbnails/header_K4iFWCK.jpg/header_K4iFWCK-460x215.jpg,/games/product/lego-marveltm-super-heroes/," Oct. 13, 2011"
Assassin’s Creed® III,$8.99,https://www.hrkgame.com/media/games/.thumbnails/header_mHihkfW.jpg/header_mHihkfW-460x215.jpg,/games/product/assassins-creed-iii/," Oct. 8, 2012"
Might & Magic: Heroes VI,$5.49,https://www.hrkgame.com/media/games/.thumbnails/header_uDY3cxL.jpg/header_uDY3cxL-460x215.jpg,/games/product/might-magic-heroes-vi/, +1 Free Game(s)
Dishonored,$3.99,https://www.hrkgame.com/media/games/.thumbnails/header_Hya4hU6.jpg/header_Hya4hU6-460x215.jpg,/games/product/dishonored/," Aug. 20, 2015"
METAL GEAR SOLID V: The Definitive Experience,$9.99,https://www.hrkgame.com/media/games/.thumbnails/1474791912296-metal-gear-solid-5-the-definitive-experience.jpg/1474791912296-metal-gear-solid-5-the-definitive-experience-460x215.jpg,/games/product/metal-gear-solid-v-the-definitive-experience/,(No string found)
Shadowrun: Hong Kong - Extended Edition,$1.49,https://www.hrkgame.com/media/games/.thumbnails/header_c4ZGd27.jpg/header_c4ZGd27-460x215.jpg,/games/product/shadowrun-hong-kong-extended-edition/,(No string found)
Steam Wallet 10 EUR GLOBAL,$12.49,https://www.hrkgame.com/media/games/.thumbnails/110.jpg/110-460x215.jpg,/games/product/steam-wallet-10-eur-global/," Sept. 12, 2013"
Arma 3,$26.49,https://www.hrkgame.com/media/games/.thumbnails/header_xPIihSR.jpg/header_xPIihSR-460x215.jpg,/games/product/arma-3/," Sept. 11, 2012"
BATTLEFIELD 3 PREMIUM EDITION,$8.49,https://www.hrkgame.com/media/uploads/games/.thumbnails/b3pe_hero.jpg/b3pe_hero-460x215.jpg,/games/product/battlefield-3-premium-edition/," Feb. 14, 2017"
For Honor Season Pass,$20.99,https://www.hrkgame.com/media/games/.thumbnails/header_0AvOisC.jpg/header_0AvOisC-460x215.jpg,/games/product/for-honor-season-pass/," Feb. 22, 2018"
Hunt Showdown EUROPE,$28.99,https://www.hrkgame.com/media/games/.thumbnails/header_alt_assets_3_IoXOSz4.jpg/header_alt_assets_3_IoXOSz4-460x215.jpg,/games/product/hunt-showdown/," Oct. 19, 2018"
World War 3,$15.49,https://www.hrkgame.com/media/games/.thumbnails/header_VX76JGm.jpg/header_VX76JGm-460x215.jpg,/games/product/world-war-3/," Aug. 20, 2013"
Tom Clancy’s Splinter Cell Blacklist,$7.29,https://www.hrkgame.com/media/games/.thumbnails/header_dyDwb4L.jpg/header_dyDwb4L-460x215.jpg,/games/product/tom-clancys-splinter-cell-blacklist/," Oct. 11, 2011"
Dead Rising 2: Off the Record,$4.99,https://www.hrkgame.com/media/games/.thumbnails/header_zpFLLTI.jpg/header_zpFLLTI-460x215.jpg,/games/product/dead-rising-2-off-the-record/," Jan. 22, 2014"
Insurgency,$2.99,https://www.hrkgame.com/media/games/.thumbnails/header_IC6ZM1Y.jpg/header_IC6ZM1Y-460x215.jpg,/games/product/insurgency/," Feb. 12, 2009"
F.E.A.R. 2: Project Origin,$1.99,https://www.hrkgame.com/media/games/.thumbnails/header_AcRt4cF.jpg/header_AcRt4cF-460x215.jpg,/games/product/fear-2-project-origin/," Jan. 8, 2015"
GRAV,$3.99,https://www.hrkgame.com/media/games/.thumbnails/header_F8sRrYR.jpg/header_F8sRrYR-460x215.jpg,/games/product/grav/," March 13, 2014"
Hearthstone Deck Of Cards Pack 1,$0.6,https://www.hrkgame.com/media/games/.thumbnails/HearthstoneDeckOfCardsPack-1.png/HearthstoneDeckOfCardsPack-1-460x215.png,/games/product/hearthstone-deck-of-cards-pack-1/," July 5, 2011"
Super Street Fighter IV: Arcade Edition,$1.99,https://www.hrkgame.com/media/games/.thumbnails/Super_Street_Fighter_IV_Arcade_Edition.jpg/Super_Street_Fighter_IV_Arcade_Edition-460x215.jpg,/games/product/super-street-fighter-iv-arcade-edition/," Jan. 19, 2016"
Darkest Dungeon,$8.99,https://www.hrkgame.com/media/games/.thumbnails/header_WpXfjOE.jpg/header_WpXfjOE-460x215.jpg,/games/product/darkest-dungeon/," Sept. 5, 2014"
Dead Rising 3 Apocalypse Edition,$12.69,https://www.hrkgame.com/media/games/.thumbnails/header_Oi9VY6w.jpg/header_Oi9VY6w-460x215.jpg,/games/product/dead-rising-3-apocalypse-edition/," June 14, 2017"
Hearts of Iron IV: Death or Dishonor,$4.99,https://www.hrkgame.com/media/games/.thumbnails/header_skWD5lJ.jpg/header_skWD5lJ-460x215.jpg,/games/product/hearts-of-iron-iv-death-or-dishonor/," April 28, 2015"
Verdun,$3.99,https://www.hrkgame.com/media/games/.thumbnails/header_pMz4cha.jpg/header_pMz4cha-460x215.jpg,/games/product/verdun/," June 22, 2017"
The Sims 4: Bundle Pack 5,$20.99,https://www.hrkgame.com/media/games/.thumbnails/The-Sims-4-Bundle-5-Game-Cover.jpg/The-Sims-4-Bundle-5-Game-Cover-460x215.jpg,/games/product/the-sims-4-bundle-pack-5/," Sept. 22, 2017"
Blackguards - Deluxe Edition + DLC,$1.2,https://www.hrkgame.com/media/games/.thumbnails/black.jpg/black-460x215.jpg,/games/product/blackguards-deluxe-edition-dlc/,(No string found)
Guild Wars 2: Path of Fire,$22.99,https://www.hrkgame.com/media/games/.thumbnails/gw2pof_cover.jpg/gw2pof_cover-460x215.jpg,/games/product/guild-wars-2-path-of-fire/,(No string found)
Mother Russia Bleeds,$5.99,https://www.hrkgame.com/media/games/.thumbnails/header_xmH25Ap.jpg/header_xmH25Ap-460x215.jpg,/games/product/mother-russia-bleeds/," Sept. 5, 2016"
Gloria Victis,$9.49,https://www.hrkgame.com/media/games/.thumbnails/header_WAEcHVL.jpg/header_WAEcHVL-460x215.jpg,/games/product/gloria-victis/," June 9, 2016"
The Crew 2,$20.99,https://www.hrkgame.com/media/games/.thumbnails/header_gg1lqzH.jpg/header_gg1lqzH-460x215.jpg,/games/product/the-crew-2/," March 16, 2018"
Pro Evolution Soccer 2018 Premium Edition,$8.99,https://www.hrkgame.com/media/games/.thumbnails/pes18pe_cover.jpg/pes18pe_cover-460x215.jpg,/games/product/pro-evolution-soccer-2018/," Sept. 13, 2017"
Red Faction Guerrilla Steam Edition,$5.49,https://www.hrkgame.com/media/games/.thumbnails/header_eVePt9s.jpg/header_eVePt9s-460x215.jpg,/games/product/red-faction-guerrilla-steam-edition/," Sept. 15, 2009"
Divinity: Original Sin 2,$35.99,https://www.hrkgame.com/media/games/.thumbnails/Divinity-Original-Sin-2-Preorder.jpg/Divinity-Original-Sin-2-Preorder-460x215.jpg,/games/product/divinity-original-sin-2/," Sept. 15, 2016"
FINAL FANTASY X/X-2 HD Remaster,$10.99,https://www.hrkgame.com/media/games/.thumbnails/header_bG6PKH2.jpg/header_bG6PKH2-460x215.jpg,/games/product/final-fantasy-xx-2-hd-remaster/," May 12, 2016"
L.A. Noire Complete Edition,$7.99,https://www.hrkgame.com/media/games/.thumbnails/header_Sp7NNqL.jpg/header_Sp7NNqL-460x215.jpg,/games/product/la-noire/," Nov. 8, 2011"
The Escapists 2,$9.99,https://www.hrkgame.com/media/games/.thumbnails/header_wHd7gCz.jpg/header_wHd7gCz-460x215.jpg,/games/product/the-escapists-2/," Aug. 22, 2017"
Umbrella Corps™/Biohazard Umbrella Corps™,$1.49,https://www.hrkgame.com/media/games/.thumbnails/header_BxlqN6T.jpg/header_BxlqN6T-460x215.jpg,/games/product/umbrella-corpstmbiohazard-umbrella-corpstm/," June 21, 2016"
Steel Division: Normandy 44,$11.99,https://www.hrkgame.com/media/games/.thumbnails/header_Z1jwXmW.jpg/header_Z1jwXmW-460x215.jpg,/games/product/steel-division-normandy-44/," May 23, 2017"
Life is Feudal: Your Own,$6.99,https://www.hrkgame.com/media/games/.thumbnails/header_Bh5DfLu.jpg/header_Bh5DfLu-460x215.jpg,/games/product/life-is-feudal-your-own/," Nov. 17, 2015"
LEGO The Lord of the Rings,$0.99,https://www.hrkgame.com/media/games/.thumbnails/header_uEnEVaV.jpg/header_uEnEVaV-460x215.jpg,/games/product/lego-the-lord-of-the-rings/," Nov. 27, 2012"
Watch_Dogs™,$5.99,https://www.hrkgame.com/media/games/.thumbnails/header_IzMFs07.jpg/header_IzMFs07-460x215.jpg,/games/product/watch_dogstm/," May 26, 2014"
NBA 2K19 EUROPE,$17.99,https://www.hrkgame.com/media/games/.thumbnails/header_vx4sNh4.jpg/header_vx4sNh4-460x215.jpg,/games/product/nba-2k19/," Sept. 11, 2018"
Crysis 3,$8.99,https://www.hrkgame.com/media/uploads/games/.thumbnails/crysis_3.jpg/crysis_3-460x215.jpg,/games/product/crysis-3/," Feb. 19, 2013"
Hurtworld,$11.99,https://www.hrkgame.com/media/games/.thumbnails/header_yqzQnKd.jpg/header_yqzQnKd-460x215.jpg,/games/product/hurtworld/," Dec. 3, 2015"
The Surge,$6.99,https://www.hrkgame.com/media/games/.thumbnails/header_2J9cHNa.jpg/header_2J9cHNa-460x215.jpg,/games/product/the-surge/," May 16, 2017"
Steam Wallet 20 EUR GLOBAL,$24.49,https://www.hrkgame.com/media/games/.thumbnails/200.jpg/200-460x215.jpg,/games/product/steam-wallet-20-eur-global/," July 15, 2016"
RimWorld EUROPE,$27.99,https://www.hrkgame.com/media/games/.thumbnails/header_vfCZKFW.jpg/header_vfCZKFW-460x215.jpg,/games/product/rimworld/,(No string found)
Assassin’s Creed® Liberation HD,$4.99,https://www.hrkgame.com/media/games/.thumbnails/header_pCWCVUG.jpg/header_pCWCVUG-460x215.jpg,/games/product/assassins-creed-liberation-hd/," Jan. 15, 2014"
GRID Autosport,$4.49,https://www.hrkgame.com/media/games/.thumbnails/header_FaHPuKW.jpg/header_FaHPuKW-460x215.jpg,/games/product/grid-autosport/," June 26, 2014"
Middle-earth™: Shadow of War™ Gold Edition,$13.49,https://www.hrkgame.com/media/games/.thumbnails/middlesowgold_cover.jpg/middlesowgold_cover-460x215.jpg,/games/product/middle-earth-shadow-of-war-gold-edition/," Oct. 10, 2017"
LEGO® Jurassic World,$4.99,https://www.hrkgame.com/media/games/.thumbnails/header_UFtI2Gv.jpg/header_UFtI2Gv-460x215.jpg,/games/product/lego-jurassic-world/," June 11, 2015"
I am Bread,$2.99,https://www.hrkgame.com/media/games/.thumbnails/header_3GVr4wq.jpg/header_3GVr4wq-460x215.jpg,/games/product/i-am-bread/," April 9, 2015"
Magicka 2,$3.99,https://www.hrkgame.com/media/games/.thumbnails/header_889rSKR.jpg/header_889rSKR-460x215.jpg,/games/product/magicka-2/," May 26, 2015"
Tom Clancy's Ghost Recon Wildlands Steam Edition,$45.99,https://www.hrkgame.com/media/games/.thumbnails/header_Hlv5tgG.jpg/header_Hlv5tgG-460x215.jpg,/games/product/tom-clancys-ghost-recon-wildlands-steam-edition/," March 7, 2017"
The Elder Scrolls V: Skyrim EUROPE,$5.99,https://www.hrkgame.com/media/games/.thumbnails/header_D3yM1R4.jpg/header_D3yM1R4-460x215.jpg,/games/product/the-elder-scrolls-v-skyrim-europe/," Nov. 10, 2011"
Cities: Skylines - Snowfall,$6.49,https://www.hrkgame.com/media/games/.thumbnails/header_sF9qeiU.jpg/header_sF9qeiU-460x215.jpg,/games/product/cities-skylines-snowfall/," Feb. 18, 2016"
The Sims 4: Bundle Pack 4,$20.99,https://www.hrkgame.com/media/games/.thumbnails/sims4vamp_cover.jpg/sims4vamp_cover-460x215.jpg,/games/product/the-sims-4-bundle-pack-4/," Feb. 17, 2017"
Darksiders III,$27.99,https://www.hrkgame.com/media/games/.thumbnails/header_DNWAuyE.jpg/header_DNWAuyE-460x215.jpg,/games/product/darksiders-iii/," Nov. 27, 2018"
The Sims™ 4 Seasons,$18.99,https://www.hrkgame.com/media/games/.thumbnails/IMG_29052018_162932_0.png/IMG_29052018_162932_0-460x215.png,/games/product/the-simstm-4-seasons/," June 22, 2018"
SOULCALIBUR VI,$28.99,https://www.hrkgame.com/media/games/.thumbnails/header_aCKSeUf.jpg/header_aCKSeUf-460x215.jpg,/games/product/soulcalibur-vi/," Oct. 18, 2018"
Randal's Monday,$3.99,https://www.hrkgame.com/media/games/.thumbnails/header_WmyfP4J.jpg/header_WmyfP4J-460x215.jpg,/games/product/randals-monday/," Nov. 12, 2014"
Injustice: Gods Among Us Ultimate Edition,$2.99,https://www.hrkgame.com/media/games/.thumbnails/header_yfhI5fS.jpg/header_yfhI5fS-460x215.jpg,/games/product/injustice-gods-among-us-ultimate-edition/," Nov. 12, 2013"
The Witcher® 3: Wild Hunt,$11.99,https://www.hrkgame.com/media/games/.thumbnails/header_ohzBypp.jpg/header_ohzBypp-460x215.jpg,/games/product/the-witcher-3-wild-hunt/," May 18, 2015"
Portal Knights,$7.49,https://www.hrkgame.com/media/games/.thumbnails/header_f8ue0EH.jpg/header_f8ue0EH-460x215.jpg,/games/product/portal-knights/," Feb. 25, 2016"
DARK SOULS™ III - Season Pass,$17.99,https://www.hrkgame.com/media/games/.thumbnails/header_qJ5Wkdk.jpg/header_qJ5Wkdk-460x215.jpg,/games/product/dark-soulstm-iii-season-pass/," Nov. 10, 2011"
The Elder Scrolls V: Skyrim,$8.99,https://www.hrkgame.com/media/games/.thumbnails/header_dOqQ00O.jpg/header_dOqQ00O-460x215.jpg,/games/product/the-elder-scrolls-v-skyrim/," Feb. 17, 2015"
Total War: ATTILA,$9.49,https://www.hrkgame.com/media/games/.thumbnails/header_BHOkGGs.jpg/header_BHOkGGs-460x215.jpg,/games/product/total-war-attila/,(No string found)
Wreckfest,$28.99,https://www.hrkgame.com/media/games/.thumbnails/header_FrBdRhf.jpg/header_FrBdRhf-460x215.jpg,/games/product/wreckfest/," June 14, 2018"
Assassin's Creed Unity - Xbox One,$1.99,https://www.hrkgame.com/media/games/.thumbnails/Assassins_Creed_Unity_-_Xbox_One.jpg/Assassins_Creed_Unity_-_Xbox_One-460x215.jpg,/games/product/assassins-creed-unity-xbox-one/," Nov. 11, 2014"
Shadow Tactics: Blades of the Shogun,$5.99,https://www.hrkgame.com/media/games/.thumbnails/header_OpKS20s.jpg/header_OpKS20s-460x215.jpg,/games/product/shadow-tactics-blades-of-the-shogun/," Dec. 6, 2016"
LEGO Marvel's Avengers Deluxe Edition,$6.49,https://www.hrkgame.com/media/games/.thumbnails/legoavengdelux_cover.jpg/legoavengdelux_cover-460x215.jpg,/games/product/lego-marvels-avengers-deluxe-edition/," July 2, 2015"
BioShock: The Collection,$13.99,https://www.hrkgame.com/media/games/.thumbnails/bio.jpg/bio-460x215.jpg,/games/product/bioshock-the-collection/," June 9, 2015"
Anna's Quest,$2.99,https://www.hrkgame.com/media/games/.thumbnails/header_xL1tFze.jpg/header_xL1tFze-460x215.jpg,/games/product/annas-quest/," Feb. 4, 2016"
Kholat,$1.99,https://www.hrkgame.com/media/games/.thumbnails/header_qUIGUL8.jpg/header_qUIGUL8-460x215.jpg,/games/product/kholat/," Feb. 13, 2018"
Resident Evil 0 / biohazard 0 HD REMASTER,$4.99,https://www.hrkgame.com/media/games/.thumbnails/evil0_cover.jpg/evil0_cover-460x215.jpg,/games/product/resident-evil-0-biohazard-0-hd-remaster/," Nov. 10, 2017"
NARUTO SHIPPUDEN: Ultimate Ninja STORM 4,$15.49,https://www.hrkgame.com/media/games/.thumbnails/header_PrqdT6e.jpg/header_PrqdT6e-460x215.jpg,/games/product/naruto-shippuden-ultimate-ninja-storm-4/," March 12, 2009"
Kingdom Come: Deliverance,$22.99,https://www.hrkgame.com/media/games/.thumbnails/header_VTDXQWU.jpg/header_VTDXQWU-460x215.jpg,/games/product/kingdom-come-deliverance-main-game/," Oct. 5, 2017"
FOOTBALL MANAGER 2018 LIMITED EDITION,$13.99,https://www.hrkgame.com/media/games/.thumbnails/DHSZdCCW0AUqhM7.jpg/DHSZdCCW0AUqhM7-460x215.jpg,/games/product/football-manager-2018-limited-edition/," Oct. 6, 2016"
Burnout Paradise: The Ultimate Box,$3.99,https://www.hrkgame.com/media/games/.thumbnails/header_RtEeOQL.jpg/header_RtEeOQL-460x215.jpg,/games/product/burnout-paradise-the-ultimate-box/," Nov. 29, 2016"
A Hat in Time,$13.99,https://www.hrkgame.com/media/games/.thumbnails/header_VrIOgDm.jpg/header_VrIOgDm-460x215.jpg,/games/product/a-hat-in-time/," Nov. 12, 2007"
Endless Space® 2,$10.31,https://www.hrkgame.com/media/games/.thumbnails/header_r0uZncI.jpg/header_r0uZncI-460x215.jpg,/games/product/endless-space-2/," Feb. 7, 2014"
Cities: Skylines - Natural Disasters,$6.99,https://www.hrkgame.com/media/games/.thumbnails/header_KnsmuIr.jpg/header_KnsmuIr-460x215.jpg,/games/product/cities-skylines-natural-disasters/," Feb. 14, 2017"
Call of Duty® 4: Modern Warfare®,$11.49,https://www.hrkgame.com/media/games/.thumbnails/header_0tXyIOJ.jpg/header_0tXyIOJ-460x215.jpg,/games/product/call-of-duty-4-modern-warfare/," Nov. 18, 2014"
The LEGO® Movie - Videogame,$2.99,https://www.hrkgame.com/media/games/.thumbnails/header_rgwO5GV.jpg/header_rgwO5GV-460x215.jpg,/games/product/the-lego-movie-videogame/," May 27, 2013"
For Honor - Deluxe Edition,$29.99,https://www.hrkgame.com/media/games/.thumbnails/460x215---For-Honor-Deluxe-Edition.jpg/460x215---For-Honor-Deluxe-Edition-460x215.jpg,/games/product/for-honor-deluxe-edition/,(No string found)
DRAGON AGE: INQUISITION,$8.49,https://www.hrkgame.com/media/games/.thumbnails/dfsdfwefwefsdvsdvsdfewf.jpg/dfsdfwefwefsdvsdvsdfewf-460x215.jpg,/games/product/dragon-age-inquisition/,(No string found)
GRID 2,$4.49,https://www.hrkgame.com/media/games/.thumbnails/header_vYw9Rq6.jpg/header_vYw9Rq6-460x215.jpg,/games/product/grid-2/,(No string found)
XCOM 2: War of the Chosen,$16.99,https://www.hrkgame.com/media/games/.thumbnails/header_XhmpxAb.jpg/header_XhmpxAb-460x215.jpg,/games/product/xcom-2-war-of-the-chosen/," Aug. 29, 2017"
Tyranny - Commander Edition,$15.99,https://www.hrkgame.com/media/games/.thumbnails/header_2ZkhR5L.jpg/header_2ZkhR5L-460x215.jpg,/games/product/tyranny-commander-edition/," Nov. 10, 2016"
Borderlands 2,$4.83,https://www.hrkgame.com/media/games/.thumbnails/header_ULONU3O.jpg/header_ULONU3O-460x215.jpg,/games/product/borderlands-2/," Sept. 17, 2012"
Dead Island Definitive Collection,$9.59,https://www.hrkgame.com/media/games/.thumbnails/d.jpg/d-460x215.jpg,/games/product/dead-island-definitive-collection/," May 8, 2018"
Pillars of Eternity II: Deadfire,$15.99,https://www.hrkgame.com/media/games/.thumbnails/header_I1AGWxy.jpg/header_I1AGWxy-460x215.jpg,/games/product/pillars-of-eternity-ii-deadfire/," March 7, 2017"
LEGO® Worlds,$7.99,https://www.hrkgame.com/media/games/.thumbnails/header_McOfQU2.jpg/header_McOfQU2-460x215.jpg,/games/product/lego-worlds/," Feb. 14, 2012"
Crusader Kings II,$2.99,https://www.hrkgame.com/media/games/.thumbnails/header_hv4Gcap.jpg/header_hv4Gcap-460x215.jpg,/games/product/crusader-kings-ii/," Jan. 26, 2016"
Torment: Tides of Numenera,$6.99,https://www.hrkgame.com/media/games/.thumbnails/header_So7kFAE.jpg/header_So7kFAE-460x215.jpg,/games/product/torment-tides-of-numenera/," Nov. 16, 2018"
The Sims 4: Get Famous,$18.99,https://www.hrkgame.com/media/games/.thumbnails/the-sims-4-get-famous-data-pn-n.jpg/the-sims-4-get-famous-data-pn-n-460x215.jpg,/games/product/the-sims-4-get-famous/," Aug. 30, 2016"
Champions of Anteria™,$0.99,https://www.hrkgame.com/media/games/.thumbnails/header_hkx61mj.jpg/header_hkx61mj-460x215.jpg,/games/product/champions-of-anteriatm/," Aug. 23, 2016"
Deus Ex: Mankind Divided - Season Pass,$5.99,https://www.hrkgame.com/media/games/.thumbnails/header_AsRbpm6.jpg/header_AsRbpm6-460x215.jpg,/games/product/deus-ex-mankind-divided-season-pass/," Sept. 19, 2013"
Euro Truck Simulator 2 - Going East!,$3.69,https://www.hrkgame.com/media/games/.thumbnails/header_Vd0EQbP.jpg/header_Vd0EQbP-460x215.jpg,/games/product/euro-truck-simulator-2-going-east/," April 19, 2017"
Forts,$11.99,https://www.hrkgame.com/media/games/.thumbnails/header_42pAmWg.jpg/header_42pAmWg-460x215.jpg,/games/product/forts/," May 27, 2016"
35MM,$2.99,https://www.hrkgame.com/media/games/.thumbnails/header_2hyZ4Wa.jpg/header_2hyZ4Wa-460x215.jpg,/games/product/35mm/," Nov. 10, 2017"
Football Manager 2018,$12.99,https://www.hrkgame.com/media/games/.thumbnails/header_bL10FyW.jpg/header_bL10FyW-460x215.jpg,/games/product/football-manager-2018/," June 29, 2018"
Crash Bandicoot™ N. Sane Trilogy,$17.99,https://www.hrkgame.com/media/games/.thumbnails/header_td2Rx5d.jpg/header_td2Rx5d-460x215.jpg,/games/product/crash-bandicoottm-n-sane-trilogy/," Oct. 28, 2008"
Fallout 3,$4.49,https://www.hrkgame.com/media/games/.thumbnails/header_vHCyJ4S.jpg/header_vHCyJ4S-460x215.jpg,/games/product/fallout-3/," May 24, 2018"
Cities: Skylines - Parklife,$8.99,https://www.hrkgame.com/media/games/.thumbnails/header_1Jnlg6a.jpg/header_1Jnlg6a-460x215.jpg,/games/product/cities-skylines-parklife/," March 21, 2016"
Day of the Tentacle Remastered,$3.99,https://www.hrkgame.com/media/games/.thumbnails/header_EQPSHTM.jpg/header_EQPSHTM-460x215.jpg,/games/product/day-of-the-tentacle-remastered/,(No string found)
theHunter: Call of the Wild GLOBAL Edition,$17.99,https://www.hrkgame.com/media/games/.thumbnails/header_WhqH5Gz.jpg/header_WhqH5Gz-460x215.jpg,/games/product/thehunter-call-of-the-wild-global-edition/," Feb. 16, 2017"
Motorsport Manager,$10.99,https://www.hrkgame.com/media/games/.thumbnails/header_ByVYXKf.jpg/header_ByVYXKf-460x215.jpg,/games/product/motorsport-manager/," Nov. 9, 2016"
SIMCITY STANDARD EDITION EN,$6.99,https://www.hrkgame.com/media/games/.thumbnails/s.jpg/s-460x215.jpg,/games/product/simcity-standard-edition/," March 4, 2013"
Dying Light,$13.99,https://www.hrkgame.com/media/games/.thumbnails/dying-light-460x215.jpg/dying-light-460x215-460x215.jpg,/games/product/dying-light/," Jan. 26, 2015"
Batman™: Arkham Origins,$4.65,https://www.hrkgame.com/media/games/.thumbnails/header_3tOSt0p.jpg/header_3tOSt0p-460x215.jpg,/games/product/batmantm-arkham-origins/," Oct. 24, 2013"
Bastion,$1.99,https://www.hrkgame.com/media/games/.thumbnails/header_m85DxXB.jpg/header_m85DxXB-460x215.jpg,/games/product/bastion/," Aug. 16, 2011"
The Sims 4 Get to Work,$20.99,https://www.hrkgame.com/media/uploads/games/.thumbnails/avavasdwetyylyoyuitnf.jpg/avavasdwetyylyoyuitnf-460x215.jpg,/games/product/the-sims-4-get-to-work/," April 2, 2015"
Rise of Nations: Extended Edition,$6.49,https://www.hrkgame.com/media/games/.thumbnails/header_2M9Z9tj.jpg/header_2M9Z9tj-460x215.jpg,/games/product/rise-of-nations-extended-edition/," June 12, 2014"
Slay the Spire EUROPE,$18.99,https://www.hrkgame.com/media/games/.thumbnails/header_SmHsFSS.jpg/header_SmHsFSS-460x215.jpg,/games/product/slay-the-spire/," Nov. 6, 2015"
Sakura Beach 2,$1.5,https://www.hrkgame.com/media/games/.thumbnails/header_99tbTO0.jpg/header_99tbTO0-460x215.jpg,/games/product/sakura-beach-2/," Nov. 10, 2016"
Ashes of the Singularity: Escalation,$4.75,https://www.hrkgame.com/media/games/.thumbnails/header_e5fhOjc.jpg/header_e5fhOjc-460x215.jpg,/games/product/ashes-of-the-singularity/," July 7, 2016"
INSIDE,$10.99,https://www.hrkgame.com/media/games/.thumbnails/header_CDOZB8F.jpg/header_CDOZB8F-460x215.jpg,/games/product/inside/," Nov. 14, 2014"
This War of Mine,$3.99,https://www.hrkgame.com/media/games/.thumbnails/header_GsVFice.jpg/header_GsVFice-460x215.jpg,/games/product/this-war-of-mine/," April 19, 2013"
God Mode,$1.99,https://www.hrkgame.com/media/games/.thumbnails/header_qvckF4n.jpg/header_qvckF4n-460x215.jpg,/games/product/god-mode/," Aug. 22, 2017"
Quake Champions,$1.29,https://www.hrkgame.com/media/games/.thumbnails/header_avg7hqP.jpg/header_avg7hqP-460x215.jpg,/games/product/quake-champions-base-game/," Nov. 12, 2009"
LEGO® Star Wars™ - The Complete Saga,$7.99,https://www.hrkgame.com/media/games/.thumbnails/header_hNepUTQ.jpg/header_hNepUTQ-460x215.jpg,/games/product/lego-star-warstm-the-complete-saga/," Feb. 1, 2019"
Foundation EUROPE,$21.99,https://www.hrkgame.com/media/games/.thumbnails/header_ImYD4xn.jpg/header_ImYD4xn-460x215.jpg,/games/product/foundation/," Feb. 7, 2019"
TOM CLANCY'S THE DIVISION 2 CLOSED BETA PC/XBOX ONE/PS4,$1.69,https://www.hrkgame.com/media/games/.thumbnails/tctd2-e3-2018-reveal.jpg/tctd2-e3-2018-reveal-460x215.jpg,/games/product/tom-clancys-the-division-2-closed-beta-pcxbox-oneps4/," Jan. 26, 2018"
Railway Empire,$15.99,https://www.hrkgame.com/media/games/.thumbnails/header_KEKxVCg.jpg/header_KEKxVCg-460x215.jpg,/games/product/railway-empire/," Aug. 27, 2015"
Satellite Reign,$0.99,https://www.hrkgame.com/media/games/.thumbnails/header_fzZeJVP.jpg/header_fzZeJVP-460x215.jpg,/games/product/satellite-reign/,(No string found)
BATTLEFIELD 3 PREMIUM,$4.49,https://www.hrkgame.com/media/uploads/games/.thumbnails/battlefield-3-premium.jpg/battlefield-3-premium-460x215.jpg,/games/product/battlefield-3-premium/," June 4, 2012"
BioShock Infinite,$6.99,https://www.hrkgame.com/media/games/.thumbnails/header_Av5xppN.jpg/header_Av5xppN-460x215.jpg,/games/product/bioshock-infinite/," March 25, 2013"
Assassin’s Creed® IV Black Flag™ - Season Pass,$8.99,https://www.hrkgame.com/media/games/.thumbnails/header_FEF46u3.jpg/header_FEF46u3-460x215.jpg,/games/product/assassins-creed-iv-black-flagtm-season-pass/," Nov. 19, 2013"
SCUM EUROPE,$16.99,https://www.hrkgame.com/media/games/.thumbnails/header_hSfvlrZ.jpg/header_hSfvlrZ-460x215.jpg,/games/product/scum/," Aug. 29, 2018"
Windows 10 Enterprise Retail,$25.99,https://www.hrkgame.com/media/games/.thumbnails/win10enter_cover.jpg/win10enter_cover-460x215.jpg,/games/product/windows-10-enterprise/," Oct. 4, 2016"
Aragami,$5.99,https://www.hrkgame.com/media/games/.thumbnails/header_jYqMXzf.jpg/header_jYqMXzf-460x215.jpg,/games/product/aragami/," Oct. 21, 2015"
Wurm Unlimited,$0.99,https://www.hrkgame.com/media/games/.thumbnails/header_EsmbFT9.jpg/header_EsmbFT9-460x215.jpg,/games/product/wurm-unlimited/," Feb. 26, 2013"
Brutal Legend,$0.99,https://www.hrkgame.com/media/games/.thumbnails/header_dAqs8Gx.jpg/header_dAqs8Gx-460x215.jpg,/games/product/brutal-legend/," April 6, 2017"
Europa Universalis IV: Mandate of Heaven,$7.99,https://www.hrkgame.com/media/games/.thumbnails/header_s4x0TYQ.jpg/header_s4x0TYQ-460x215.jpg,/games/product/europa-universalis-iv-mandate-of-heaven/," March 29, 2019"
Tropico 6,$35.99,https://www.hrkgame.com/media/games/.thumbnails/header_xZ87Ldz.jpg/header_xZ87Ldz-460x215.jpg,/games/product/tropico-6/," April 4, 2017"
LEGO City Undercover,$7.99,https://www.hrkgame.com/media/games/.thumbnails/header_xS2J6JL.jpg/header_xS2J6JL-460x215.jpg,/games/product/lego-city-undercover/," March 5, 2015"
Savage Lands,$1.99,https://www.hrkgame.com/media/games/.thumbnails/header_3oB2CfA.jpg/header_3oB2CfA-460x215.jpg,/games/product/savage-lands/," May 29, 2014"
Arma 3 DLC Bundle 1,$4.49,https://www.hrkgame.com/media/games/.thumbnails/header_etNczA8.jpg/header_etNczA8-460x215.jpg,/games/product/arma-3-dlc-bundle-1/," May 7, 2014"
Blade Symphony,$2.99,https://www.hrkgame.com/media/games/.thumbnails/header_a9sIOu8.jpg/header_a9sIOu8-460x215.jpg,/games/product/blade-symphony/," Oct. 20, 2016"
Stellaris: Leviathans Story Pack,$5.49,https://www.hrkgame.com/media/games/.thumbnails/header_nhEUhqW.jpg/header_nhEUhqW-460x215.jpg,/games/product/stellaris-leviathans-story-pack/," Nov. 18, 2015"
Assassin's Creed® Syndicate EN,$11.99,https://www.hrkgame.com/media/games/.thumbnails/header_xMg44sw.jpg/header_xMg44sw-460x215.jpg,/games/product/assassins-creed-syndicate-en/," Aug. 29, 2014"
Gang Beasts,$14.99,https://www.hrkgame.com/media/games/.thumbnails/header_Pws1Cu6.jpg/header_Pws1Cu6-460x215.jpg,/games/product/gang-beasts/," July 28, 2017"
Car Mechanic Simulator 2018,$10.99,https://www.hrkgame.com/media/games/.thumbnails/header_Sbp7Fxn.jpg/header_Sbp7Fxn-460x215.jpg,/games/product/car-mechanic-simulator-2018/," April 14, 2016"
FINAL FANTASY IX,$20.99,https://www.hrkgame.com/media/games/.thumbnails/header_7fzCdV9.jpg/header_7fzCdV9-460x215.jpg,/games/product/final-fantasy-ix/," March 9, 2015"
Assassin’s Creed® Rogue,$8.99,https://www.hrkgame.com/media/games/.thumbnails/header_nVBc2H2.jpg/header_nVBc2H2-460x215.jpg,/games/product/assassins-creed-rogue/,(No string found)
PLAYERUNKNOWN'S BATTLEGROUNDS Xbox One,$13.99,https://www.hrkgame.com/media/games/.thumbnails/battplayx1_cover.jpg/battplayx1_cover-460x215.jpg,/games/product/playerunknowns-battlegrounds-xbox-one/," Dec. 12, 2017"
Sins of a Solar Empire®: Rebellion,$1.99,https://www.hrkgame.com/media/games/.thumbnails/header_2YSt0OZ.jpg/header_2YSt0OZ-460x215.jpg,/games/product/sins-of-a-solar-empire-rebellion/," June 12, 2012"
ShellShock Live,$5.99,https://www.hrkgame.com/media/games/.thumbnails/header_8gfldMr.jpg/header_8gfldMr-460x215.jpg,/games/product/shellshock-live/," March 11, 2015"
HITMAN™2 - Silver Edition,$21.99,https://www.hrkgame.com/media/games/.thumbnails/HSilver.jpg/HSilver-460x215.jpg,/games/product/hitmantm2-silver-edition/," Nov. 13, 2018"
Total War: SHOGUN 2,$7.99,https://www.hrkgame.com/media/games/.thumbnails/header_y0LNPJQ.jpg/header_y0LNPJQ-460x215.jpg,/games/product/total-war-shogun-2/," March 15, 2011"
Need for Speed Hot Pursuit,$2.99,https://www.hrkgame.com/media/uploads/games/.thumbnails/need_for_speed_hot_pursuit.jpg/need_for_speed_hot_pursuit-460x215.jpg,/games/product/need-for-speed-hot-pursuit/," Nov. 15, 2010"
Darksiders II Deathinitive Edition,$2.99,https://www.hrkgame.com/media/games/.thumbnails/header_flDwjSB.jpg/header_flDwjSB-460x215.jpg,/games/product/darksiders-ii-deathinitive-edition/," Nov. 5, 2015"
Sid Meier's Civilization IV: The Complete Edition,$2.99,https://www.hrkgame.com/media/games/.thumbnails/Sid-Meiers-Civilization-IV-The-Complete-Edition.png/Sid-Meiers-Civilization-IV-The-Complete-Edition-460x215.png,/games/product/sid-meiers-civilization-iv-the-complete-edition/," Nov. 9, 2017"
American Truck Simulator - New Mexico,$6.49,https://www.hrkgame.com/media/games/.thumbnails/header_o3QXrZi.jpg/header_o3QXrZi-460x215.jpg,/games/product/american-truck-simulator-new-mexico/," July 9, 2015"
F1 2015,$0.99,https://www.hrkgame.com/media/games/.thumbnails/header_lNkdeGV.jpg/header_lNkdeGV-460x215.jpg,/games/product/f1-2015/," Sept. 2, 2013"
Total War™: ROME II - Emperor Edition,$13.99,https://www.hrkgame.com/media/games/.thumbnails/header_GemgbbG.jpg/header_GemgbbG-460x215.jpg,/games/product/total-wartm-rome-ii-emperor-edition/," Oct. 24, 2013"
ENSLAVED™: Odyssey to the West™ Premium Edition,$7.99,https://www.hrkgame.com/media/games/.thumbnails/header_Fiqzlgc.jpg/header_Fiqzlgc-460x215.jpg,/games/product/enslavedtm-odyssey-to-the-westtm-premium-edition/," Aug. 1, 2017"
The Long Dark,$15.99,https://www.hrkgame.com/media/games/.thumbnails/header_KmP7sQk.jpg/header_KmP7sQk-460x215.jpg,/games/product/the-long-dark/," April 5, 2016"
Enter the Gungeon,$6.18,https://www.hrkgame.com/media/games/.thumbnails/header_p1zQ1f8.jpg/header_p1zQ1f8-460x215.jpg,/games/product/enter-the-gungeon/," May 3, 2018"
Total War Saga: Thrones of Britannia,$25.99,https://www.hrkgame.com/media/games/.thumbnails/header_3MIO479.jpg/header_3MIO479-460x215.jpg,/games/product/total-war-saga-thrones-of-britannia/," June 9, 2015"
Grand Theft Auto Online: Great White Shark Cash Card...,$12.99,https://www.hrkgame.com/media/games/.thumbnails/gta1250000_cover.jpg/gta1250000_cover-460x215.jpg,/games/product/grand-theft-auto-online-great-white-shark-cash-card-1250000-dlc-rockstar/," Feb. 14, 2017"
Sniper Elite 4,$18.99,https://www.hrkgame.com/media/games/.thumbnails/header_6fY7H7F.jpg/header_6fY7H7F-460x215.jpg,/games/product/sniper-elite-4/," Dec. 7, 2017"
SpellForce 3,$26.99,https://www.hrkgame.com/media/games/.thumbnails/header_mTSEYab.jpg/header_mTSEYab-460x215.jpg,/games/product/spellforce-3/," Jan. 8, 2016"
Punch Club Steam Edition,$1.99,https://www.hrkgame.com/media/games/.thumbnails/header_G2p2IrM.jpg/header_G2p2IrM-460x215.jpg,/games/product/punch-club-steam-edition/," April 24, 2018"
BATTLETECH,$13.99,https://www.hrkgame.com/media/games/.thumbnails/header_UMAOZUc.jpg/header_UMAOZUc-460x215.jpg,/games/product/battletech/,(No string found)
